title,year,genres,keywords,cast,director,overview
12 Angry Men,1970,Sci-Fi Thriller Action,sci-fi legacy destiny redemption,Actor_0_A Actor_0_B Actor_0_C,Director_0,A compelling story titled '12 Angry Men' that explores themes of sci-fi and human nature.
1917,1971,Drama Mystery Thriller,drama legacy destiny redemption,Actor_1_A Actor_1_B Actor_1_C,Director_1,A compelling story titled '1917' that explores themes of drama and human nature.
2046,1972,Action Crime Drama,action legacy destiny redemption,Actor_2_A Actor_2_B Actor_2_C,Director_2,A compelling story titled '2046' that explores themes of action and human nature.
300,1973,Comedy Drama Romance,comedy legacy destiny redemption,Actor_3_A Actor_3_B Actor_3_C,Director_3,A compelling story titled '300' that explores themes of comedy and human nature.
A Beautiful Mind,1974,Crime Mystery Thriller,crime legacy destiny redemption,Actor_4_A Actor_4_B Actor_4_C,Director_4,A compelling story titled 'A Beautiful Mind' that explores themes of crime and human nature.
A Better Tomorrow,1975,Adventure Fantasy Action,adventure legacy destiny redemption,Actor_5_A Actor_5_B Actor_5_C,Director_5,A compelling story titled 'A Better Tomorrow' that explores themes of adventure and human nature.
A Clockwork Orange,1976,Sci-Fi Thriller Action,sci-fi legacy destiny redemption,Actor_6_A Actor_6_B Actor_6_C,Director_6,A compelling story titled 'A Clockwork Orange' that explores themes of sci-fi and human nature.
A Day's Pleasure,1977,Drama Mystery Thriller,drama legacy destiny redemption,Actor_7_A Actor_7_B Actor_7_C,Director_7,A compelling story titled 'A Day's Pleasure' that explores themes of drama and human nature.
A Man for All Seasons,1978,Action Crime Drama,action legacy destiny redemption,Actor_8_A Actor_8_B Actor_8_C,Director_8,A compelling story titled 'A Man for All Seasons' that explores themes of action and human nature.
A Separation,1979,Comedy Drama Romance,comedy legacy destiny redemption,Actor_9_A Actor_9_B Actor_9_C,Director_9,A compelling story titled 'A Separation' that explores themes of comedy and human nature.
About Elly,1980,Crime Mystery Thriller,crime legacy destiny redemption,Actor_10_A Actor_10_B Actor_10_C,Director_10,A compelling story titled 'About Elly' that explores themes of crime and human nature.
Aladdin (2019),1981,Adventure Fantasy Action,adventure legacy destiny redemption,Actor_11_A Actor_11_B Actor_11_C,Director_11,A compelling story titled 'Aladdin (2019)' that explores themes of adventure and human nature.
Alexander,1982,Sci-Fi Thriller Action,sci-fi legacy destiny redemption,Actor_12_A Actor_12_B Actor_12_C,Director_12,A compelling story titled 'Alexander' that explores themes of sci-fi and human nature.
Alien,1983,Drama Mystery Thriller,drama legacy destiny redemption,Actor_13_A Actor_13_B Actor_13_C,Director_13,A compelling story titled 'Alien' that explores themes of drama and human nature.
Aliens,1984,Action Crime Drama,action legacy destiny redemption,Actor_14_A Actor_14_B Actor_14_C,Director_14,A compelling story titled 'Aliens' that explores themes of action and human nature.
All About Eve,1985,Comedy Drama Romance,comedy legacy destiny redemption,Actor_15_A Actor_15_B Actor_15_C,Director_15,A compelling story titled 'All About Eve' that explores themes of comedy and human nature.
All Quiet on the Western Front,1986,Crime Mystery Thriller,crime legacy destiny redemption,Actor_16_A Actor_16_B Actor_16_C,Director_16,A compelling story titled 'All Quiet on the Western Front' that explores themes of crime and human nature.
Amadeus,1987,Adventure Fantasy Action,adventure legacy destiny redemption,Actor_17_A Actor_17_B Actor_17_C,Director_17,A compelling story titled 'Amadeus' that explores themes of adventure and human nature.
American Beauty,1988,Sci-Fi Thriller Action,sci-fi legacy destiny redemption,Actor_18_A Actor_18_B Actor_18_C,Director_18,A compelling story titled 'American Beauty' that explores themes of sci-fi and human nature.
American History X,1989,Drama Mystery Thriller,drama legacy destiny redemption,Actor_19_A Actor_19_B Actor_19_C,Director_19,A compelling story titled 'American History X' that explores themes of drama and human nature.
Amores Perros,1990,Action Crime Drama,action legacy destiny redemption,Actor_20_A Actor_20_B Actor_20_C,Director_20,A compelling story titled 'Amores Perros' that explores themes of action and human nature.
Amélie,1991,Comedy Drama Romance,comedy legacy destiny redemption,Actor_21_A Actor_21_B Actor_21_C,Director_21,A compelling story titled 'Amélie' that explores themes of comedy and human nature.
Anatomy of a Murder,1992,Crime Mystery Thriller,crime legacy destiny redemption,Actor_22_A Actor_22_B Actor_22_C,Director_22,A compelling story titled 'Anatomy of a Murder' that explores themes of crime and human nature.
Andrei Rublev,1993,Adventure Fantasy Action,adventure legacy destiny redemption,Actor_23_A Actor_23_B Actor_23_C,Director_23,A compelling story titled 'Andrei Rublev' that explores themes of adventure and human nature.
Ant-Man,1994,Sci-Fi Thriller Action,sci-fi legacy destiny redemption,Actor_24_A Actor_24_B Actor_24_C,Director_24,A compelling story titled 'Ant-Man' that explores themes of sci-fi and human nature.
Apocalypse Now,1995,Drama Mystery Thriller,drama legacy destiny redemption,Actor_25_A Actor_25_B Actor_25_C,Director_25,A compelling story titled 'Apocalypse Now' that explores themes of drama and human nature.
Apollo 11,1996,Action Crime Drama,action legacy destiny redemption,Actor_26_A Actor_26_B Actor_26_C,Director_26,A compelling story titled 'Apollo 11' that explores themes of action and human nature.
Apollo 13,1997,Comedy Drama Romance,comedy legacy destiny redemption,Actor_27_A Actor_27_B Actor_27_C,Director_27,A compelling story titled 'Apollo 13' that explores themes of comedy and human nature.
Au Hasard Balthazar,1998,Crime Mystery Thriller,crime legacy destiny redemption,Actor_28_A Actor_28_B Actor_28_C,Director_28,A compelling story titled 'Au Hasard Balthazar' that explores themes of crime and human nature.
Avatar,1999,Adventure Fantasy Action,adventure legacy destiny redemption,Actor_29_A Actor_29_B Actor_29_C,Director_29,A compelling story titled 'Avatar' that explores themes of adventure and human nature.
Avengers: Endgame,2000,Sci-Fi Thriller Action,sci-fi legacy destiny redemption,Actor_30_A Actor_30_B Actor_30_C,Director_30,A compelling story titled 'Avengers: Endgame' that explores themes of sci-fi and human nature.
Avengers: Infinity War,2001,Drama Mystery Thriller,drama legacy destiny redemption,Actor_31_A Actor_31_B Actor_31_C,Director_31,A compelling story titled 'Avengers: Infinity War' that explores themes of drama and human nature.
Babylon,2002,Action Crime Drama,action legacy destiny redemption,Actor_32_A Actor_32_B Actor_32_C,Director_32,A compelling story titled 'Babylon' that explores themes of action and human nature.
Back to the Future,2003,Comedy Drama Romance,comedy legacy destiny redemption,Actor_33_A Actor_33_B Actor_33_C,Director_33,A compelling story titled 'Back to the Future' that explores themes of comedy and human nature.
Barry Lyndon,2004,Crime Mystery Thriller,crime legacy destiny redemption,Actor_34_A Actor_34_B Actor_34_C,Director_34,A compelling story titled 'Barry Lyndon' that explores themes of crime and human nature.
Batman Begins,2005,Adventure Fantasy Action,adventure legacy destiny redemption,Actor_35_A Actor_35_B Actor_35_C,Director_35,A compelling story titled 'Batman Begins' that explores themes of adventure and human nature.
Beauty and the Beast (2017),2006,Sci-Fi Thriller Action,sci-fi legacy destiny redemption,Actor_36_A Actor_36_B Actor_36_C,Director_36,A compelling story titled 'Beauty and the Beast (2017)' that explores themes of sci-fi and human nature.
Before Sunrise,2007,Drama Mystery Thriller,drama legacy destiny redemption,Actor_37_A Actor_37_B Actor_37_C,Director_37,A compelling story titled 'Before Sunrise' that explores themes of drama and human nature.
Before Sunset,2008,Action Crime Drama,action legacy destiny redemption,Actor_38_A Actor_38_B Actor_38_C,Director_38,A compelling story titled 'Before Sunset' that explores themes of action and human nature.
Ben-Hur,2009,Comedy Drama Romance,comedy legacy destiny redemption,Actor_39_A Actor_39_B Actor_39_C,Director_39,A compelling story titled 'Ben-Hur' that explores themes of comedy and human nature.
Bicycle Thieves,2010,Crime Mystery Thriller,crime legacy destiny redemption,Actor_40_A Actor_40_B Actor_40_C,Director_40,A compelling story titled 'Bicycle Thieves' that explores themes of crime and human nature.
Black Panther,2011,Adventure Fantasy Action,adventure legacy destiny redemption,Actor_41_A Actor_41_B Actor_41_C,Director_41,A compelling story titled 'Black Panther' that explores themes of adventure and human nature.
Blade Runner,2012,Sci-Fi Thriller Action,sci-fi legacy destiny redemption,Actor_42_A Actor_42_B Actor_42_C,Director_42,A compelling story titled 'Blade Runner' that explores themes of sci-fi and human nature.
Blade Runner 2049,2013,Drama Mystery Thriller,drama legacy destiny redemption,Actor_43_A Actor_43_B Actor_43_C,Director_43,A compelling story titled 'Blade Runner 2049' that explores themes of drama and human nature.
Bohemian Rhapsody,2014,Action Crime Drama,action legacy destiny redemption,Actor_44_A Actor_44_B Actor_44_C,Director_44,A compelling story titled 'Bohemian Rhapsody' that explores themes of action and human nature.
Braveheart,2015,Comedy Drama Romance,comedy legacy destiny redemption,Actor_45_A Actor_45_B Actor_45_C,Director_45,A compelling story titled 'Braveheart' that explores themes of comedy and human nature.
Bridge of Spies,2016,Crime Mystery Thriller,crime legacy destiny redemption,Actor_46_A Actor_46_B Actor_46_C,Director_46,A compelling story titled 'Bridge of Spies' that explores themes of crime and human nature.
Brief Encounter,2017,Adventure Fantasy Action,adventure legacy destiny redemption,Actor_47_A Actor_47_B Actor_47_C,Director_47,A compelling story titled 'Brief Encounter' that explores themes of adventure and human nature.
Bringing Up Baby,2018,Sci-Fi Thriller Action,sci-fi legacy destiny redemption,Actor_48_A Actor_48_B Actor_48_C,Director_48,A compelling story titled 'Bringing Up Baby' that explores themes of sci-fi and human nature.
Broker,2019,Drama Mystery Thriller,drama legacy destiny redemption,Actor_49_A Actor_49_B Actor_49_C,Director_49,A compelling story titled 'Broker' that explores themes of drama and human nature.
Bullet Train,2020,Action Crime Drama,action legacy destiny redemption,Actor_50_A Actor_50_B Actor_50_C,Director_50,A compelling story titled 'Bullet Train' that explores themes of action and human nature.
Butch Cassidy and the Sundance Kid,2021,Comedy Drama Romance,comedy legacy destiny redemption,Actor_51_A Actor_51_B Actor_51_C,Director_51,A compelling story titled 'Butch Cassidy and the Sundance Kid' that explores themes of comedy and human nature.
CODA,2022,Crime Mystery Thriller,crime legacy destiny redemption,Actor_52_A Actor_52_B Actor_52_C,Director_52,A compelling story titled 'CODA' that explores themes of crime and human nature.
Capernaum,2023,Adventure Fantasy Action,adventure legacy destiny redemption,Actor_53_A Actor_53_B Actor_53_C,Director_53,A compelling story titled 'Capernaum' that explores themes of adventure and human nature.
Captain America: The Winter Soldier,2024,Sci-Fi Thriller Action,sci-fi legacy destiny redemption,Actor_54_A Actor_54_B Actor_54_C,Director_54,A compelling story titled 'Captain America: The Winter Soldier' that explores themes of sci-fi and human nature.
Captain Marvel,1970,Drama Mystery Thriller,drama legacy destiny redemption,Actor_55_A Actor_55_B Actor_55_C,Director_55,A compelling story titled 'Captain Marvel' that explores themes of drama and human nature.
Casablanca,1971,Action Crime Drama,action legacy destiny redemption,Actor_56_A Actor_56_B Actor_56_C,Director_56,A compelling story titled 'Casablanca' that explores themes of action and human nature.
Casino,1972,Comedy Drama Romance,comedy legacy destiny redemption,Actor_57_A Actor_57_B Actor_57_C,Director_57,A compelling story titled 'Casino' that explores themes of comedy and human nature.
Casino Royale,1973,Crime Mystery Thriller,crime legacy destiny redemption,Actor_58_A Actor_58_B Actor_58_C,Director_58,A compelling story titled 'Casino Royale' that explores themes of crime and human nature.
Catch Me If You Can,1974,Adventure Fantasy Action,adventure legacy destiny redemption,Actor_59_A Actor_59_B Actor_59_C,Director_59,A compelling story titled 'Catch Me If You Can' that explores themes of adventure and human nature.
Chinatown,1975,Sci-Fi Thriller Action,sci-fi legacy destiny redemption,Actor_60_A Actor_60_B Actor_60_C,Director_60,A compelling story titled 'Chinatown' that explores themes of sci-fi and human nature.
Chungking Express,1976,Drama Mystery Thriller,drama legacy destiny redemption,Actor_61_A Actor_61_B Actor_61_C,Director_61,A compelling story titled 'Chungking Express' that explores themes of drama and human nature.
Cinema Paradiso,1977,Action Crime Drama,action legacy destiny redemption,Actor_62_A Actor_62_B Actor_62_C,Director_62,A compelling story titled 'Cinema Paradiso' that explores themes of action and human nature.
Citizen Kane,1978,Comedy Drama Romance,comedy legacy destiny redemption,Actor_63_A Actor_63_B Actor_63_C,Director_63,A compelling story titled 'Citizen Kane' that explores themes of comedy and human nature.
City Lights,1979,Crime Mystery Thriller,crime legacy destiny redemption,Actor_64_A Actor_64_B Actor_64_C,Director_64,A compelling story titled 'City Lights' that explores themes of crime and human nature.
City of God,1980,Adventure Fantasy Action,adventure legacy destiny redemption,Actor_65_A Actor_65_B Actor_65_C,Director_65,A compelling story titled 'City of God' that explores themes of adventure and human nature.
Coco,1981,Sci-Fi Thriller Action,sci-fi legacy destiny redemption,Actor_66_A Actor_66_B Actor_66_C,Director_66,A compelling story titled 'Coco' that explores themes of sci-fi and human nature.
Come and See,1982,Drama Mystery Thriller,drama legacy destiny redemption,Actor_67_A Actor_67_B Actor_67_C,Director_67,A compelling story titled 'Come and See' that explores themes of drama and human nature.
Cool Hand Luke,1983,Action Crime Drama,action legacy destiny redemption,Actor_68_A Actor_68_B Actor_68_C,Director_68,A compelling story titled 'Cool Hand Luke' that explores themes of action and human nature.
"Crouching Tiger, Hidden Dragon",1984,Comedy Drama Romance,comedy legacy destiny redemption,Actor_69_A Actor_69_B Actor_69_C,Director_69,"A compelling story titled 'Crouching Tiger, Hidden Dragon' that explores themes of comedy and human nature."
Curse of the Golden Flower,1985,Crime Mystery Thriller,crime legacy destiny redemption,Actor_70_A Actor_70_B Actor_70_C,Director_70,A compelling story titled 'Curse of the Golden Flower' that explores themes of crime and human nature.
Darkest Hour,1986,Adventure Fantasy Action,adventure legacy destiny redemption,Actor_71_A Actor_71_B Actor_71_C,Director_71,A compelling story titled 'Darkest Hour' that explores themes of adventure and human nature.
Dead Poets Society,1987,Sci-Fi Thriller Action,sci-fi legacy destiny redemption,Actor_72_A Actor_72_B Actor_72_C,Director_72,A compelling story titled 'Dead Poets Society' that explores themes of sci-fi and human nature.
Deadpool,1988,Drama Mystery Thriller,drama legacy destiny redemption,Actor_73_A Actor_73_B Actor_73_C,Director_73,A compelling story titled 'Deadpool' that explores themes of drama and human nature.
Despicable Me,1989,Action Crime Drama,action legacy destiny redemption,Actor_74_A Actor_74_B Actor_74_C,Director_74,A compelling story titled 'Despicable Me' that explores themes of action and human nature.
Dial M for Murder,1990,Comedy Drama Romance,comedy legacy destiny redemption,Actor_75_A Actor_75_B Actor_75_C,Director_75,A compelling story titled 'Dial M for Murder' that explores themes of comedy and human nature.
Die Hard,1991,Crime Mystery Thriller,crime legacy destiny redemption,Actor_76_A Actor_76_B Actor_76_C,Director_76,A compelling story titled 'Die Hard' that explores themes of crime and human nature.
Django Unchained,1992,Adventure Fantasy Action,adventure legacy destiny redemption,Actor_77_A Actor_77_B Actor_77_C,Director_77,A compelling story titled 'Django Unchained' that explores themes of adventure and human nature.
Doctor Strange,1993,Sci-Fi Thriller Action,sci-fi legacy destiny redemption,Actor_78_A Actor_78_B Actor_78_C,Director_78,A compelling story titled 'Doctor Strange' that explores themes of sci-fi and human nature.
Double Indemnity,1994,Drama Mystery Thriller,drama legacy destiny redemption,Actor_79_A Actor_79_B Actor_79_C,Director_79,A compelling story titled 'Double Indemnity' that explores themes of drama and human nature.
Downfall,1995,Action Crime Drama,action legacy destiny redemption,Actor_80_A Actor_80_B Actor_80_C,Director_80,A compelling story titled 'Downfall' that explores themes of action and human nature.
Dr. Strangelove,1996,Comedy Drama Romance,comedy legacy destiny redemption,Actor_81_A Actor_81_B Actor_81_C,Director_81,A compelling story titled 'Dr. Strangelove' that explores themes of comedy and human nature.
Drive My Car,1997,Crime Mystery Thriller,crime legacy destiny redemption,Actor_82_A Actor_82_B Actor_82_C,Director_82,A compelling story titled 'Drive My Car' that explores themes of crime and human nature.
Duck Soup,1998,Adventure Fantasy Action,adventure legacy destiny redemption,Actor_83_A Actor_83_B Actor_83_C,Director_83,A compelling story titled 'Duck Soup' that explores themes of adventure and human nature.
Dune,1999,Sci-Fi Thriller Action,sci-fi legacy destiny redemption,Actor_84_A Actor_84_B Actor_84_C,Director_84,A compelling story titled 'Dune' that explores themes of sci-fi and human nature.
Dunkirk,2000,Drama Mystery Thriller,drama legacy destiny redemption,Actor_85_A Actor_85_B Actor_85_C,Director_85,A compelling story titled 'Dunkirk' that explores themes of drama and human nature.
Elvis,2001,Action Crime Drama,action legacy destiny redemption,Actor_86_A Actor_86_B Actor_86_C,Director_86,A compelling story titled 'Elvis' that explores themes of action and human nature.
Eternal Sunshine of the Spotless Mind,2002,Comedy Drama Romance,comedy legacy destiny redemption,Actor_87_A Actor_87_B Actor_87_C,Director_87,A compelling story titled 'Eternal Sunshine of the Spotless Mind' that explores themes of comedy and human nature.
Everyone Knows,2003,Crime Mystery Thriller,crime legacy destiny redemption,Actor_88_A Actor_88_B Actor_88_C,Director_88,A compelling story titled 'Everyone Knows' that explores themes of crime and human nature.
Everything Everywhere All at Once,2004,Adventure Fantasy Action,adventure legacy destiny redemption,Actor_89_A Actor_89_B Actor_89_C,Director_89,A compelling story titled 'Everything Everywhere All at Once' that explores themes of adventure and human nature.
Fallen Angels,2005,Sci-Fi Thriller Action,sci-fi legacy destiny redemption,Actor_90_A Actor_90_B Actor_90_C,Director_90,A compelling story titled 'Fallen Angels' that explores themes of sci-fi and human nature.
Fanny and Alexander,2006,Drama Mystery Thriller,drama legacy destiny redemption,Actor_91_A Actor_91_B Actor_91_C,Director_91,A compelling story titled 'Fanny and Alexander' that explores themes of drama and human nature.
Fantastic Beasts and Where to Find Them,2007,Action Crime Drama,action legacy destiny redemption,Actor_92_A Actor_92_B Actor_92_C,Director_92,A compelling story titled 'Fantastic Beasts and Where to Find Them' that explores themes of action and human nature.
Fast & Furious,2008,Comedy Drama Romance,comedy legacy destiny redemption,Actor_93_A Actor_93_B Actor_93_C,Director_93,A compelling story titled 'Fast & Furious' that explores themes of comedy and human nature.
Fast & Furious 6,2009,Crime Mystery Thriller,crime legacy destiny redemption,Actor_94_A Actor_94_B Actor_94_C,Director_94,A compelling story titled 'Fast & Furious 6' that explores themes of crime and human nature.
Fast Five,2010,Adventure Fantasy Action,adventure legacy destiny redemption,Actor_95_A Actor_95_B Actor_95_C,Director_95,A compelling story titled 'Fast Five' that explores themes of adventure and human nature.
Fearless,2011,Sci-Fi Thriller Action,sci-fi legacy destiny redemption,Actor_96_A Actor_96_B Actor_96_C,Director_96,A compelling story titled 'Fearless' that explores themes of sci-fi and human nature.
Fight Club,2012,Drama Mystery Thriller,drama legacy destiny redemption,Actor_97_A Actor_97_B Actor_97_C,Director_97,A compelling story titled 'Fight Club' that explores themes of drama and human nature.
Finding Dory,2013,Action Crime Drama,action legacy destiny redemption,Actor_98_A Actor_98_B Actor_98_C,Director_98,A compelling story titled 'Finding Dory' that explores themes of action and human nature.
Finding Nemo,2014,Comedy Drama Romance,comedy legacy destiny redemption,Actor_99_A Actor_99_B Actor_99_C,Director_99,A compelling story titled 'Finding Nemo' that explores themes of comedy and human nature.
First Man,2015,Crime Mystery Thriller,crime legacy destiny redemption,Actor_100_A Actor_100_B Actor_100_C,Director_100,A compelling story titled 'First Man' that explores themes of crime and human nature.
Flags of Our Fathers,2016,Adventure Fantasy Action,adventure legacy destiny redemption,Actor_101_A Actor_101_B Actor_101_C,Director_101,A compelling story titled 'Flags of Our Fathers' that explores themes of adventure and human nature.
Forrest Gump,2017,Sci-Fi Thriller Action,sci-fi legacy destiny redemption,Actor_102_A Actor_102_B Actor_102_C,Director_102,A compelling story titled 'Forrest Gump' that explores themes of sci-fi and human nature.
Frozen,2018,Drama Mystery Thriller,drama legacy destiny redemption,Actor_103_A Actor_103_B Actor_103_C,Director_103,A compelling story titled 'Frozen' that explores themes of drama and human nature.
Full Metal Jacket,2019,Action Crime Drama,action legacy destiny redemption,Actor_104_A Actor_104_B Actor_104_C,Director_104,A compelling story titled 'Full Metal Jacket' that explores themes of action and human nature.
Furious 7,2020,Comedy Drama Romance,comedy legacy destiny redemption,Actor_105_A Actor_105_B Actor_105_C,Director_105,A compelling story titled 'Furious 7' that explores themes of comedy and human nature.
Fury,2021,Crime Mystery Thriller,crime legacy destiny redemption,Actor_106_A Actor_106_B Actor_106_C,Director_106,A compelling story titled 'Fury' that explores themes of crime and human nature.
Gandhi,2022,Adventure Fantasy Action,adventure legacy destiny redemption,Actor_107_A Actor_107_B Actor_107_C,Director_107,A compelling story titled 'Gandhi' that explores themes of adventure and human nature.
Gladiator,2023,Sci-Fi Thriller Action,sci-fi legacy destiny redemption,Actor_108_A Actor_108_B Actor_108_C,Director_108,A compelling story titled 'Gladiator' that explores themes of sci-fi and human nature.
Gone Girl,2024,Drama Mystery Thriller,drama legacy destiny redemption,Actor_109_A Actor_109_B Actor_109_C,Director_109,A compelling story titled 'Gone Girl' that explores themes of drama and human nature.
Gone with the Wind,1970,Action Crime Drama,action legacy destiny redemption,Actor_110_A Actor_110_B Actor_110_C,Director_110,A compelling story titled 'Gone with the Wind' that explores themes of action and human nature.
Good Will Hunting,1971,Comedy Drama Romance,comedy legacy destiny redemption,Actor_111_A Actor_111_B Actor_111_C,Director_111,A compelling story titled 'Good Will Hunting' that explores themes of comedy and human nature.
Goodfellas,1972,Crime Mystery Thriller,crime legacy destiny redemption,Actor_112_A Actor_112_B Actor_112_C,Director_112,A compelling story titled 'Goodfellas' that explores themes of crime and human nature.
Gran Torino,1973,Adventure Fantasy Action,adventure legacy destiny redemption,Actor_113_A Actor_113_B Actor_113_C,Director_113,A compelling story titled 'Gran Torino' that explores themes of adventure and human nature.
Grave of the Fireflies,1974,Sci-Fi Thriller Action,sci-fi legacy destiny redemption,Actor_114_A Actor_114_B Actor_114_C,Director_114,A compelling story titled 'Grave of the Fireflies' that explores themes of sci-fi and human nature.
Gravity,1975,Drama Mystery Thriller,drama legacy destiny redemption,Actor_115_A Actor_115_B Actor_115_C,Director_115,A compelling story titled 'Gravity' that explores themes of drama and human nature.
Green Book,1976,Action Crime Drama,action legacy destiny redemption,Actor_116_A Actor_116_B Actor_116_C,Director_116,A compelling story titled 'Green Book' that explores themes of action and human nature.
Groundhog Day,1977,Comedy Drama Romance,comedy legacy destiny redemption,Actor_117_A Actor_117_B Actor_117_C,Director_117,A compelling story titled 'Groundhog Day' that explores themes of comedy and human nature.
Guardians of the Galaxy,1978,Crime Mystery Thriller,crime legacy destiny redemption,Actor_118_A Actor_118_B Actor_118_C,Director_118,A compelling story titled 'Guardians of the Galaxy' that explores themes of crime and human nature.
Hachi: A Dog's Tale,1979,Adventure Fantasy Action,adventure legacy destiny redemption,Actor_119_A Actor_119_B Actor_119_C,Director_119,A compelling story titled 'Hachi: A Dog's Tale' that explores themes of adventure and human nature.
Hacksaw Ridge,1980,Sci-Fi Thriller Action,sci-fi legacy destiny redemption,Actor_120_A Actor_120_B Actor_120_C,Director_120,A compelling story titled 'Hacksaw Ridge' that explores themes of sci-fi and human nature.
Hamilton,1981,Drama Mystery Thriller,drama legacy destiny redemption,Actor_121_A Actor_121_B Actor_121_C,Director_121,A compelling story titled 'Hamilton' that explores themes of drama and human nature.
Happy Together,1982,Action Crime Drama,action legacy destiny redemption,Actor_122_A Actor_122_B Actor_122_C,Director_122,A compelling story titled 'Happy Together' that explores themes of action and human nature.
Hara-Kiri,1983,Comedy Drama Romance,comedy legacy destiny redemption,Actor_123_A Actor_123_B Actor_123_C,Director_123,A compelling story titled 'Hara-Kiri' that explores themes of comedy and human nature.
Hard Boiled,1984,Crime Mystery Thriller,crime legacy destiny redemption,Actor_124_A Actor_124_B Actor_124_C,Director_124,A compelling story titled 'Hard Boiled' that explores themes of crime and human nature.
Harry Potter and the Chamber of Secrets,1985,Adventure Fantasy Action,adventure legacy destiny redemption,Actor_125_A Actor_125_B Actor_125_C,Director_125,A compelling story titled 'Harry Potter and the Chamber of Secrets' that explores themes of adventure and human nature.
Harry Potter and the Deathly Hallows: Part 1,1986,Sci-Fi Thriller Action,sci-fi legacy destiny redemption,Actor_126_A Actor_126_B Actor_126_C,Director_126,A compelling story titled 'Harry Potter and the Deathly Hallows: Part 1' that explores themes of sci-fi and human nature.
Harry Potter and the Deathly Hallows: Part 2,1987,Drama Mystery Thriller,drama legacy destiny redemption,Actor_127_A Actor_127_B Actor_127_C,Director_127,A compelling story titled 'Harry Potter and the Deathly Hallows: Part 2' that explores themes of drama and human nature.
Harry Potter and the Goblet of Fire,1988,Action Crime Drama,action legacy destiny redemption,Actor_128_A Actor_128_B Actor_128_C,Director_128,A compelling story titled 'Harry Potter and the Goblet of Fire' that explores themes of action and human nature.
Harry Potter and the Half-Blood Prince,1989,Comedy Drama Romance,comedy legacy destiny redemption,Actor_129_A Actor_129_B Actor_129_C,Director_129,A compelling story titled 'Harry Potter and the Half-Blood Prince' that explores themes of comedy and human nature.
Harry Potter and the Order of the Phoenix,1990,Crime Mystery Thriller,crime legacy destiny redemption,Actor_130_A Actor_130_B Actor_130_C,Director_130,A compelling story titled 'Harry Potter and the Order of the Phoenix' that explores themes of crime and human nature.
Harry Potter and the Prisoner of Azkaban,1991,Adventure Fantasy Action,adventure legacy destiny redemption,Actor_131_A Actor_131_B Actor_131_C,Director_131,A compelling story titled 'Harry Potter and the Prisoner of Azkaban' that explores themes of adventure and human nature.
Harry Potter and the Sorcerer's Stone,1992,Sci-Fi Thriller Action,sci-fi legacy destiny redemption,Actor_132_A Actor_132_B Actor_132_C,Director_132,A compelling story titled 'Harry Potter and the Sorcerer's Stone' that explores themes of sci-fi and human nature.
Harvey,1993,Drama Mystery Thriller,drama legacy destiny redemption,Actor_133_A Actor_133_B Actor_133_C,Director_133,A compelling story titled 'Harvey' that explores themes of drama and human nature.
Heat,1994,Action Crime Drama,action legacy destiny redemption,Actor_134_A Actor_134_B Actor_134_C,Director_134,A compelling story titled 'Heat' that explores themes of action and human nature.
Hero,1995,Comedy Drama Romance,comedy legacy destiny redemption,Actor_135_A Actor_135_B Actor_135_C,Director_135,A compelling story titled 'Hero' that explores themes of comedy and human nature.
Hidden Figures,1996,Crime Mystery Thriller,crime legacy destiny redemption,Actor_136_A Actor_136_B Actor_136_C,Director_136,A compelling story titled 'Hidden Figures' that explores themes of crime and human nature.
High Noon,1997,Adventure Fantasy Action,adventure legacy destiny redemption,Actor_137_A Actor_137_B Actor_137_C,Director_137,A compelling story titled 'High Noon' that explores themes of adventure and human nature.
High and Low,1998,Sci-Fi Thriller Action,sci-fi legacy destiny redemption,Actor_138_A Actor_138_B Actor_138_C,Director_138,A compelling story titled 'High and Low' that explores themes of sci-fi and human nature.
His Girl Friday,1999,Drama Mystery Thriller,drama legacy destiny redemption,Actor_139_A Actor_139_B Actor_139_C,Director_139,A compelling story titled 'His Girl Friday' that explores themes of drama and human nature.
Hotel Rwanda,2000,Action Crime Drama,action legacy destiny redemption,Actor_140_A Actor_140_B Actor_140_C,Director_140,A compelling story titled 'Hotel Rwanda' that explores themes of action and human nature.
House of Flying Daggers,2001,Comedy Drama Romance,comedy legacy destiny redemption,Actor_141_A Actor_141_B Actor_141_C,Director_141,A compelling story titled 'House of Flying Daggers' that explores themes of comedy and human nature.
How to Train Your Dragon,2002,Crime Mystery Thriller,crime legacy destiny redemption,Actor_142_A Actor_142_B Actor_142_C,Director_142,A compelling story titled 'How to Train Your Dragon' that explores themes of crime and human nature.
How to Train Your Dragon 2,2003,Adventure Fantasy Action,adventure legacy destiny redemption,Actor_143_A Actor_143_B Actor_143_C,Director_143,A compelling story titled 'How to Train Your Dragon 2' that explores themes of adventure and human nature.
Howl's Moving Castle,2004,Sci-Fi Thriller Action,sci-fi legacy destiny redemption,Actor_144_A Actor_144_B Actor_144_C,Director_144,A compelling story titled 'Howl's Moving Castle' that explores themes of sci-fi and human nature.
Ikiru,2005,Drama Mystery Thriller,drama legacy destiny redemption,Actor_145_A Actor_145_B Actor_145_C,Director_145,A compelling story titled 'Ikiru' that explores themes of drama and human nature.
In the Mood for Love,2006,Action Crime Drama,action legacy destiny redemption,Actor_146_A Actor_146_B Actor_146_C,Director_146,A compelling story titled 'In the Mood for Love' that explores themes of action and human nature.
Incendies,2007,Comedy Drama Romance,comedy legacy destiny redemption,Actor_147_A Actor_147_B Actor_147_C,Director_147,A compelling story titled 'Incendies' that explores themes of comedy and human nature.
Inception,2008,Crime Mystery Thriller,crime legacy destiny redemption,Actor_148_A Actor_148_B Actor_148_C,Director_148,A compelling story titled 'Inception' that explores themes of crime and human nature.
Indiana Jones and the Last Crusade,2009,Adventure Fantasy Action,adventure legacy destiny redemption,Actor_149_A Actor_149_B Actor_149_C,Director_149,A compelling story titled 'Indiana Jones and the Last Crusade' that explores themes of adventure and human nature.
Inglourious Basterds,2010,Sci-Fi Thriller Action,sci-fi legacy destiny redemption,Actor_150_A Actor_150_B Actor_150_C,Director_150,A compelling story titled 'Inglourious Basterds' that explores themes of sci-fi and human nature.
Inherit the Wind,2011,Drama Mystery Thriller,drama legacy destiny redemption,Actor_151_A Actor_151_B Actor_151_C,Director_151,A compelling story titled 'Inherit the Wind' that explores themes of drama and human nature.
Inside Out,2012,Action Crime Drama,action legacy destiny redemption,Actor_152_A Actor_152_B Actor_152_C,Director_152,A compelling story titled 'Inside Out' that explores themes of action and human nature.
Interstellar,2013,Comedy Drama Romance,comedy legacy destiny redemption,Actor_153_A Actor_153_B Actor_153_C,Director_153,A compelling story titled 'Interstellar' that explores themes of comedy and human nature.
Into the Wild,2014,Crime Mystery Thriller,crime legacy destiny redemption,Actor_154_A Actor_154_B Actor_154_C,Director_154,A compelling story titled 'Into the Wild' that explores themes of crime and human nature.
Ip Man,2015,Adventure Fantasy Action,adventure legacy destiny redemption,Actor_155_A Actor_155_B Actor_155_C,Director_155,A compelling story titled 'Ip Man' that explores themes of adventure and human nature.
Iron Man,2016,Sci-Fi Thriller Action,sci-fi legacy destiny redemption,Actor_156_A Actor_156_B Actor_156_C,Director_156,A compelling story titled 'Iron Man' that explores themes of sci-fi and human nature.
It's a Wonderful Life,2017,Drama Mystery Thriller,drama legacy destiny redemption,Actor_157_A Actor_157_B Actor_157_C,Director_157,A compelling story titled 'It's a Wonderful Life' that explores themes of drama and human nature.
Jackie Brown,2018,Action Crime Drama,action legacy destiny redemption,Actor_158_A Actor_158_B Actor_158_C,Director_158,A compelling story titled 'Jackie Brown' that explores themes of action and human nature.
Jason Bourne,2019,Comedy Drama Romance,comedy legacy destiny redemption,Actor_159_A Actor_159_B Actor_159_C,Director_159,A compelling story titled 'Jason Bourne' that explores themes of comedy and human nature.
Joker,2020,Crime Mystery Thriller,crime legacy destiny redemption,Actor_160_A Actor_160_B Actor_160_C,Director_160,A compelling story titled 'Joker' that explores themes of crime and human nature.
Judgment at Nuremberg,2021,Adventure Fantasy Action,adventure legacy destiny redemption,Actor_161_A Actor_161_B Actor_161_C,Director_161,A compelling story titled 'Judgment at Nuremberg' that explores themes of adventure and human nature.
Jungle Book (2016),2022,Sci-Fi Thriller Action,sci-fi legacy destiny redemption,Actor_162_A Actor_162_B Actor_162_C,Director_162,A compelling story titled 'Jungle Book (2016)' that explores themes of sci-fi and human nature.
Jurassic Park,2023,Drama Mystery Thriller,drama legacy destiny redemption,Actor_163_A Actor_163_B Actor_163_C,Director_163,A compelling story titled 'Jurassic Park' that explores themes of drama and human nature.
Jurassic World,2024,Action Crime Drama,action legacy destiny redemption,Actor_164_A Actor_164_B Actor_164_C,Director_164,A compelling story titled 'Jurassic World' that explores themes of action and human nature.
Jurassic World Dominion,1970,Comedy Drama Romance,comedy legacy destiny redemption,Actor_165_A Actor_165_B Actor_165_C,Director_165,A compelling story titled 'Jurassic World Dominion' that explores themes of comedy and human nature.
Jurassic World: Fallen Kingdom,1971,Crime Mystery Thriller,crime legacy destiny redemption,Actor_166_A Actor_166_B Actor_166_C,Director_166,A compelling story titled 'Jurassic World: Fallen Kingdom' that explores themes of crime and human nature.
Kill Bill: Vol. 1,1972,Adventure Fantasy Action,adventure legacy destiny redemption,Actor_167_A Actor_167_B Actor_167_C,Director_167,A compelling story titled 'Kill Bill: Vol. 1' that explores themes of adventure and human nature.
Kill Bill: Vol. 2,1973,Sci-Fi Thriller Action,sci-fi legacy destiny redemption,Actor_168_A Actor_168_B Actor_168_C,Director_168,A compelling story titled 'Kill Bill: Vol. 2' that explores themes of sci-fi and human nature.
Kingdom of Heaven,1974,Drama Mystery Thriller,drama legacy destiny redemption,Actor_169_A Actor_169_B Actor_169_C,Director_169,A compelling story titled 'Kingdom of Heaven' that explores themes of drama and human nature.
Klaus,1975,Action Crime Drama,action legacy destiny redemption,Actor_170_A Actor_170_B Actor_170_C,Director_170,A compelling story titled 'Klaus' that explores themes of action and human nature.
Kung Fu Hustle,1976,Comedy Drama Romance,comedy legacy destiny redemption,Actor_171_A Actor_171_B Actor_171_C,Director_171,A compelling story titled 'Kung Fu Hustle' that explores themes of comedy and human nature.
Kung Fu Panda,1977,Crime Mystery Thriller,crime legacy destiny redemption,Actor_172_A Actor_172_B Actor_172_C,Director_172,A compelling story titled 'Kung Fu Panda' that explores themes of crime and human nature.
L.A. Confidential,1978,Adventure Fantasy Action,adventure legacy destiny redemption,Actor_173_A Actor_173_B Actor_173_C,Director_173,A compelling story titled 'L.A. Confidential' that explores themes of adventure and human nature.
La Dolce Vita,1979,Sci-Fi Thriller Action,sci-fi legacy destiny redemption,Actor_174_A Actor_174_B Actor_174_C,Director_174,A compelling story titled 'La Dolce Vita' that explores themes of sci-fi and human nature.
La Vie en Rose,1980,Drama Mystery Thriller,drama legacy destiny redemption,Actor_175_A Actor_175_B Actor_175_C,Director_175,A compelling story titled 'La Vie en Rose' that explores themes of drama and human nature.
Lady Vengeance,1981,Action Crime Drama,action legacy destiny redemption,Actor_176_A Actor_176_B Actor_176_C,Director_176,A compelling story titled 'Lady Vengeance' that explores themes of action and human nature.
Lawrence of Arabia,1982,Comedy Drama Romance,comedy legacy destiny redemption,Actor_177_A Actor_177_B Actor_177_C,Director_177,A compelling story titled 'Lawrence of Arabia' that explores themes of comedy and human nature.
Le Samouraï,1983,Crime Mystery Thriller,crime legacy destiny redemption,Actor_178_A Actor_178_B Actor_178_C,Director_178,A compelling story titled 'Le Samouraï' that explores themes of crime and human nature.
Letters from Iwo Jima,1984,Adventure Fantasy Action,adventure legacy destiny redemption,Actor_179_A Actor_179_B Actor_179_C,Director_179,A compelling story titled 'Letters from Iwo Jima' that explores themes of adventure and human nature.
Life Is Beautiful,1985,Sci-Fi Thriller Action,sci-fi legacy destiny redemption,Actor_180_A Actor_180_B Actor_180_C,Director_180,A compelling story titled 'Life Is Beautiful' that explores themes of sci-fi and human nature.
Life of Brian,1986,Drama Mystery Thriller,drama legacy destiny redemption,Actor_181_A Actor_181_B Actor_181_C,Director_181,A compelling story titled 'Life of Brian' that explores themes of drama and human nature.
Lincoln,1987,Action Crime Drama,action legacy destiny redemption,Actor_182_A Actor_182_B Actor_182_C,Director_182,A compelling story titled 'Lincoln' that explores themes of action and human nature.
Living,1988,Comedy Drama Romance,comedy legacy destiny redemption,Actor_183_A Actor_183_B Actor_183_C,Director_183,A compelling story titled 'Living' that explores themes of comedy and human nature.
"Lock, Stock and Two Smoking Barrels",1989,Crime Mystery Thriller,crime legacy destiny redemption,Actor_184_A Actor_184_B Actor_184_C,Director_184,"A compelling story titled 'Lock, Stock and Two Smoking Barrels' that explores themes of crime and human nature."
Logan,1990,Adventure Fantasy Action,adventure legacy destiny redemption,Actor_185_A Actor_185_B Actor_185_C,Director_185,A compelling story titled 'Logan' that explores themes of adventure and human nature.
Léon: The Professional,1991,Sci-Fi Thriller Action,sci-fi legacy destiny redemption,Actor_186_A Actor_186_B Actor_186_C,Director_186,A compelling story titled 'Léon: The Professional' that explores themes of sci-fi and human nature.
M,1992,Drama Mystery Thriller,drama legacy destiny redemption,Actor_187_A Actor_187_B Actor_187_C,Director_187,A compelling story titled 'M' that explores themes of drama and human nature.
Mad Max: Fury Road,1993,Action Crime Drama,action legacy destiny redemption,Actor_188_A Actor_188_B Actor_188_C,Director_188,A compelling story titled 'Mad Max: Fury Road' that explores themes of action and human nature.
Mank,1994,Comedy Drama Romance,comedy legacy destiny redemption,Actor_189_A Actor_189_B Actor_189_C,Director_189,A compelling story titled 'Mank' that explores themes of comedy and human nature.
Mary and Max,1995,Crime Mystery Thriller,crime legacy destiny redemption,Actor_190_A Actor_190_B Actor_190_C,Director_190,A compelling story titled 'Mary and Max' that explores themes of crime and human nature.
Master and Commander: The Far Side of the World,1996,Adventure Fantasy Action,adventure legacy destiny redemption,Actor_191_A Actor_191_B Actor_191_C,Director_191,A compelling story titled 'Master and Commander: The Far Side of the World' that explores themes of adventure and human nature.
Memento,1997,Sci-Fi Thriller Action,sci-fi legacy destiny redemption,Actor_192_A Actor_192_B Actor_192_C,Director_192,A compelling story titled 'Memento' that explores themes of sci-fi and human nature.
Memories of Murder,1998,Drama Mystery Thriller,drama legacy destiny redemption,Actor_193_A Actor_193_B Actor_193_C,Director_193,A compelling story titled 'Memories of Murder' that explores themes of drama and human nature.
Metropolis,1999,Action Crime Drama,action legacy destiny redemption,Actor_194_A Actor_194_B Actor_194_C,Director_194,A compelling story titled 'Metropolis' that explores themes of action and human nature.
Minari,2000,Comedy Drama Romance,comedy legacy destiny redemption,Actor_195_A Actor_195_B Actor_195_C,Director_195,A compelling story titled 'Minari' that explores themes of comedy and human nature.
Minions,2001,Crime Mystery Thriller,crime legacy destiny redemption,Actor_196_A Actor_196_B Actor_196_C,Director_196,A compelling story titled 'Minions' that explores themes of crime and human nature.
Mirror,2002,Adventure Fantasy Action,adventure legacy destiny redemption,Actor_197_A Actor_197_B Actor_197_C,Director_197,A compelling story titled 'Mirror' that explores themes of adventure and human nature.
Mission: Impossible,2003,Sci-Fi Thriller Action,sci-fi legacy destiny redemption,Actor_198_A Actor_198_B Actor_198_C,Director_198,A compelling story titled 'Mission: Impossible' that explores themes of sci-fi and human nature.
Mission: Impossible - Fallout,2004,Drama Mystery Thriller,drama legacy destiny redemption,Actor_199_A Actor_199_B Actor_199_C,Director_199,A compelling story titled 'Mission: Impossible - Fallout' that explores themes of drama and human nature.
Mission: Impossible - Ghost Protocol,2005,Action Crime Drama,action legacy destiny redemption,Actor_200_A Actor_200_B Actor_200_C,Director_200,A compelling story titled 'Mission: Impossible - Ghost Protocol' that explores themes of action and human nature.
Mission: Impossible - Rogue Nation,2006,Comedy Drama Romance,comedy legacy destiny redemption,Actor_201_A Actor_201_B Actor_201_C,Director_201,A compelling story titled 'Mission: Impossible - Rogue Nation' that explores themes of comedy and human nature.
Mission: Impossible II,2007,Crime Mystery Thriller,crime legacy destiny redemption,Actor_202_A Actor_202_B Actor_202_C,Director_202,A compelling story titled 'Mission: Impossible II' that explores themes of crime and human nature.
Mission: Impossible III,2008,Adventure Fantasy Action,adventure legacy destiny redemption,Actor_203_A Actor_203_B Actor_203_C,Director_203,A compelling story titled 'Mission: Impossible III' that explores themes of adventure and human nature.
Moana,2009,Sci-Fi Thriller Action,sci-fi legacy destiny redemption,Actor_204_A Actor_204_B Actor_204_C,Director_204,A compelling story titled 'Moana' that explores themes of sci-fi and human nature.
Modern Times,2010,Drama Mystery Thriller,drama legacy destiny redemption,Actor_205_A Actor_205_B Actor_205_C,Director_205,A compelling story titled 'Modern Times' that explores themes of drama and human nature.
Mon Oncle,2011,Action Crime Drama,action legacy destiny redemption,Actor_206_A Actor_206_B Actor_206_C,Director_206,A compelling story titled 'Mon Oncle' that explores themes of action and human nature.
Moneyball,2012,Comedy Drama Romance,comedy legacy destiny redemption,Actor_207_A Actor_207_B Actor_207_C,Director_207,A compelling story titled 'Moneyball' that explores themes of comedy and human nature.
Monsters University,2013,Crime Mystery Thriller,crime legacy destiny redemption,Actor_208_A Actor_208_B Actor_208_C,Director_208,A compelling story titled 'Monsters University' that explores themes of crime and human nature.
"Monsters, Inc.",2014,Adventure Fantasy Action,adventure legacy destiny redemption,Actor_209_A Actor_209_B Actor_209_C,Director_209,"A compelling story titled 'Monsters, Inc.' that explores themes of adventure and human nature."
Mouchette,2015,Sci-Fi Thriller Action,sci-fi legacy destiny redemption,Actor_210_A Actor_210_B Actor_210_C,Director_210,A compelling story titled 'Mouchette' that explores themes of sci-fi and human nature.
My Neighbor Totoro,2016,Drama Mystery Thriller,drama legacy destiny redemption,Actor_211_A Actor_211_B Actor_211_C,Director_211,A compelling story titled 'My Neighbor Totoro' that explores themes of drama and human nature.
Network,2017,Action Crime Drama,action legacy destiny redemption,Actor_212_A Actor_212_B Actor_212_C,Director_212,A compelling story titled 'Network' that explores themes of action and human nature.
Night on Earth,2018,Comedy Drama Romance,comedy legacy destiny redemption,Actor_213_A Actor_213_B Actor_213_C,Director_213,A compelling story titled 'Night on Earth' that explores themes of comedy and human nature.
No Country for Old Men,2019,Crime Mystery Thriller,crime legacy destiny redemption,Actor_214_A Actor_214_B Actor_214_C,Director_214,A compelling story titled 'No Country for Old Men' that explores themes of crime and human nature.
No Time to Die,2020,Adventure Fantasy Action,adventure legacy destiny redemption,Actor_215_A Actor_215_B Actor_215_C,Director_215,A compelling story titled 'No Time to Die' that explores themes of adventure and human nature.
Nomadland,2021,Sci-Fi Thriller Action,sci-fi legacy destiny redemption,Actor_216_A Actor_216_B Actor_216_C,Director_216,A compelling story titled 'Nomadland' that explores themes of sci-fi and human nature.
North by Northwest,2022,Drama Mystery Thriller,drama legacy destiny redemption,Actor_217_A Actor_217_B Actor_217_C,Director_217,A compelling story titled 'North by Northwest' that explores themes of drama and human nature.
Okja,2023,Action Crime Drama,action legacy destiny redemption,Actor_218_A Actor_218_B Actor_218_C,Director_218,A compelling story titled 'Okja' that explores themes of action and human nature.
Oldboy,2024,Comedy Drama Romance,comedy legacy destiny redemption,Actor_219_A Actor_219_B Actor_219_C,Director_219,A compelling story titled 'Oldboy' that explores themes of comedy and human nature.
Once Upon a Time in America,1970,Crime Mystery Thriller,crime legacy destiny redemption,Actor_220_A Actor_220_B Actor_220_C,Director_220,A compelling story titled 'Once Upon a Time in America' that explores themes of crime and human nature.
Once Upon a Time in Hollywood,1971,Adventure Fantasy Action,adventure legacy destiny redemption,Actor_221_A Actor_221_B Actor_221_C,Director_221,A compelling story titled 'Once Upon a Time in Hollywood' that explores themes of adventure and human nature.
Once Upon a Time in the West,1972,Sci-Fi Thriller Action,sci-fi legacy destiny redemption,Actor_222_A Actor_222_B Actor_222_C,Director_222,A compelling story titled 'Once Upon a Time in the West' that explores themes of sci-fi and human nature.
One Flew Over the Cuckoo's Nest,1973,Drama Mystery Thriller,drama legacy destiny redemption,Actor_223_A Actor_223_B Actor_223_C,Director_223,A compelling story titled 'One Flew Over the Cuckoo's Nest' that explores themes of drama and human nature.
Pan's Labyrinth,1974,Action Crime Drama,action legacy destiny redemption,Actor_224_A Actor_224_B Actor_224_C,Director_224,A compelling story titled 'Pan's Labyrinth' that explores themes of action and human nature.
Paper Moon,1975,Comedy Drama Romance,comedy legacy destiny redemption,Actor_225_A Actor_225_B Actor_225_C,Director_225,A compelling story titled 'Paper Moon' that explores themes of comedy and human nature.
Parasite,1976,Crime Mystery Thriller,crime legacy destiny redemption,Actor_226_A Actor_226_B Actor_226_C,Director_226,A compelling story titled 'Parasite' that explores themes of crime and human nature.
Pather Panchali,1977,Adventure Fantasy Action,adventure legacy destiny redemption,Actor_227_A Actor_227_B Actor_227_C,Director_227,A compelling story titled 'Pather Panchali' that explores themes of adventure and human nature.
Paths of Glory,1978,Sci-Fi Thriller Action,sci-fi legacy destiny redemption,Actor_228_A Actor_228_B Actor_228_C,Director_228,A compelling story titled 'Paths of Glory' that explores themes of sci-fi and human nature.
Persona,1979,Drama Mystery Thriller,drama legacy destiny redemption,Actor_229_A Actor_229_B Actor_229_C,Director_229,A compelling story titled 'Persona' that explores themes of drama and human nature.
Pickpocket,1980,Action Crime Drama,action legacy destiny redemption,Actor_230_A Actor_230_B Actor_230_C,Director_230,A compelling story titled 'Pickpocket' that explores themes of action and human nature.
Pirates of the Caribbean: At World's End,1981,Comedy Drama Romance,comedy legacy destiny redemption,Actor_231_A Actor_231_B Actor_231_C,Director_231,A compelling story titled 'Pirates of the Caribbean: At World's End' that explores themes of comedy and human nature.
Pirates of the Caribbean: Dead Man's Chest,1982,Crime Mystery Thriller,crime legacy destiny redemption,Actor_232_A Actor_232_B Actor_232_C,Director_232,A compelling story titled 'Pirates of the Caribbean: Dead Man's Chest' that explores themes of crime and human nature.
Pirates of the Caribbean: The Curse of the Black Pearl,1983,Adventure Fantasy Action,adventure legacy destiny redemption,Actor_233_A Actor_233_B Actor_233_C,Director_233,A compelling story titled 'Pirates of the Caribbean: The Curse of the Black Pearl' that explores themes of adventure and human nature.
Platoon,1984,Sci-Fi Thriller Action,sci-fi legacy destiny redemption,Actor_234_A Actor_234_B Actor_234_C,Director_234,A compelling story titled 'Platoon' that explores themes of sci-fi and human nature.
Playtime,1985,Drama Mystery Thriller,drama legacy destiny redemption,Actor_235_A Actor_235_B Actor_235_C,Director_235,A compelling story titled 'Playtime' that explores themes of drama and human nature.
Police Story,1986,Action Crime Drama,action legacy destiny redemption,Actor_236_A Actor_236_B Actor_236_C,Director_236,A compelling story titled 'Police Story' that explores themes of action and human nature.
Princess Mononoke,1987,Comedy Drama Romance,comedy legacy destiny redemption,Actor_237_A Actor_237_B Actor_237_C,Director_237,A compelling story titled 'Princess Mononoke' that explores themes of comedy and human nature.
Prisoners,1988,Crime Mystery Thriller,crime legacy destiny redemption,Actor_238_A Actor_238_B Actor_238_C,Director_238,A compelling story titled 'Prisoners' that explores themes of crime and human nature.
Promising Young Woman,1989,Adventure Fantasy Action,adventure legacy destiny redemption,Actor_239_A Actor_239_B Actor_239_C,Director_239,A compelling story titled 'Promising Young Woman' that explores themes of adventure and human nature.
Psycho,1990,Sci-Fi Thriller Action,sci-fi legacy destiny redemption,Actor_240_A Actor_240_B Actor_240_C,Director_240,A compelling story titled 'Psycho' that explores themes of sci-fi and human nature.
Pulp Fiction,1991,Drama Mystery Thriller,drama legacy destiny redemption,Actor_241_A Actor_241_B Actor_241_C,Director_241,A compelling story titled 'Pulp Fiction' that explores themes of drama and human nature.
Quantum of Solace,1992,Action Crime Drama,action legacy destiny redemption,Actor_242_A Actor_242_B Actor_242_C,Director_242,A compelling story titled 'Quantum of Solace' that explores themes of action and human nature.
Raging Bull,1993,Comedy Drama Romance,comedy legacy destiny redemption,Actor_243_A Actor_243_B Actor_243_C,Director_243,A compelling story titled 'Raging Bull' that explores themes of comedy and human nature.
Raiders of the Lost Ark,1994,Crime Mystery Thriller,crime legacy destiny redemption,Actor_244_A Actor_244_B Actor_244_C,Director_244,A compelling story titled 'Raiders of the Lost Ark' that explores themes of crime and human nature.
Ran,1995,Adventure Fantasy Action,adventure legacy destiny redemption,Actor_245_A Actor_245_B Actor_245_C,Director_245,A compelling story titled 'Ran' that explores themes of adventure and human nature.
Rashomon,1996,Sci-Fi Thriller Action,sci-fi legacy destiny redemption,Actor_246_A Actor_246_B Actor_246_C,Director_246,A compelling story titled 'Rashomon' that explores themes of sci-fi and human nature.
Ratatouille,1997,Drama Mystery Thriller,drama legacy destiny redemption,Actor_247_A Actor_247_B Actor_247_C,Director_247,A compelling story titled 'Ratatouille' that explores themes of drama and human nature.
Ray,1998,Action Crime Drama,action legacy destiny redemption,Actor_248_A Actor_248_B Actor_248_C,Director_248,A compelling story titled 'Ray' that explores themes of action and human nature.
Rear Window,1999,Comedy Drama Romance,comedy legacy destiny redemption,Actor_249_A Actor_249_B Actor_249_C,Director_249,A compelling story titled 'Rear Window' that explores themes of comedy and human nature.
Red River,2000,Crime Mystery Thriller,crime legacy destiny redemption,Actor_250_A Actor_250_B Actor_250_C,Director_250,A compelling story titled 'Red River' that explores themes of crime and human nature.
Requiem for a Dream,2001,Adventure Fantasy Action,adventure legacy destiny redemption,Actor_251_A Actor_251_B Actor_251_C,Director_251,A compelling story titled 'Requiem for a Dream' that explores themes of adventure and human nature.
Reservoir Dogs,2002,Sci-Fi Thriller Action,sci-fi legacy destiny redemption,Actor_252_A Actor_252_B Actor_252_C,Director_252,A compelling story titled 'Reservoir Dogs' that explores themes of sci-fi and human nature.
Rififi,2003,Drama Mystery Thriller,drama legacy destiny redemption,Actor_253_A Actor_253_B Actor_253_C,Director_253,A compelling story titled 'Rififi' that explores themes of drama and human nature.
Rio Bravo,2004,Action Crime Drama,action legacy destiny redemption,Actor_254_A Actor_254_B Actor_254_C,Director_254,A compelling story titled 'Rio Bravo' that explores themes of action and human nature.
Rocketman,2005,Comedy Drama Romance,comedy legacy destiny redemption,Actor_255_A Actor_255_B Actor_255_C,Director_255,A compelling story titled 'Rocketman' that explores themes of comedy and human nature.
Rocky,2006,Crime Mystery Thriller,crime legacy destiny redemption,Actor_256_A Actor_256_B Actor_256_C,Director_256,A compelling story titled 'Rocky' that explores themes of crime and human nature.
Room,2007,Adventure Fantasy Action,adventure legacy destiny redemption,Actor_257_A Actor_257_B Actor_257_C,Director_257,A compelling story titled 'Room' that explores themes of adventure and human nature.
Rope,2008,Sci-Fi Thriller Action,sci-fi legacy destiny redemption,Actor_258_A Actor_258_B Actor_258_C,Director_258,A compelling story titled 'Rope' that explores themes of sci-fi and human nature.
Rush,2009,Drama Mystery Thriller,drama legacy destiny redemption,Actor_259_A Actor_259_B Actor_259_C,Director_259,A compelling story titled 'Rush' that explores themes of drama and human nature.
Saving Private Ryan,2010,Action Crime Drama,action legacy destiny redemption,Actor_260_A Actor_260_B Actor_260_C,Director_260,A compelling story titled 'Saving Private Ryan' that explores themes of action and human nature.
Scarface,2011,Comedy Drama Romance,comedy legacy destiny redemption,Actor_261_A Actor_261_B Actor_261_C,Director_261,A compelling story titled 'Scarface' that explores themes of comedy and human nature.
Schindler's List,2012,Crime Mystery Thriller,crime legacy destiny redemption,Actor_262_A Actor_262_B Actor_262_C,Director_262,A compelling story titled 'Schindler's List' that explores themes of crime and human nature.
Se7en,2013,Adventure Fantasy Action,adventure legacy destiny redemption,Actor_263_A Actor_263_B Actor_263_C,Director_263,A compelling story titled 'Se7en' that explores themes of adventure and human nature.
Seven,2014,Sci-Fi Thriller Action,sci-fi legacy destiny redemption,Actor_264_A Actor_264_B Actor_264_C,Director_264,A compelling story titled 'Seven' that explores themes of sci-fi and human nature.
Seven Samurai,2015,Drama Mystery Thriller,drama legacy destiny redemption,Actor_265_A Actor_265_B Actor_265_C,Director_265,A compelling story titled 'Seven Samurai' that explores themes of drama and human nature.
Shane,2016,Action Crime Drama,action legacy destiny redemption,Actor_266_A Actor_266_B Actor_266_C,Director_266,A compelling story titled 'Shane' that explores themes of action and human nature.
Shaolin Soccer,2017,Comedy Drama Romance,comedy legacy destiny redemption,Actor_267_A Actor_267_B Actor_267_C,Director_267,A compelling story titled 'Shaolin Soccer' that explores themes of comedy and human nature.
Shazam!,2018,Crime Mystery Thriller,crime legacy destiny redemption,Actor_268_A Actor_268_B Actor_268_C,Director_268,A compelling story titled 'Shazam!' that explores themes of crime and human nature.
Sherlock Jr.,2019,Adventure Fantasy Action,adventure legacy destiny redemption,Actor_269_A Actor_269_B Actor_269_C,Director_269,A compelling story titled 'Sherlock Jr.' that explores themes of adventure and human nature.
Shoplifters,2020,Sci-Fi Thriller Action,sci-fi legacy destiny redemption,Actor_270_A Actor_270_B Actor_270_C,Director_270,A compelling story titled 'Shoplifters' that explores themes of sci-fi and human nature.
Shoulder Arms,2021,Drama Mystery Thriller,drama legacy destiny redemption,Actor_271_A Actor_271_B Actor_271_C,Director_271,A compelling story titled 'Shoulder Arms' that explores themes of drama and human nature.
Shrek,2022,Action Crime Drama,action legacy destiny redemption,Actor_272_A Actor_272_B Actor_272_C,Director_272,A compelling story titled 'Shrek' that explores themes of action and human nature.
Shrek 2,2023,Comedy Drama Romance,comedy legacy destiny redemption,Actor_273_A Actor_273_B Actor_273_C,Director_273,A compelling story titled 'Shrek 2' that explores themes of comedy and human nature.
Shutter Island,2024,Crime Mystery Thriller,crime legacy destiny redemption,Actor_274_A Actor_274_B Actor_274_C,Director_274,A compelling story titled 'Shutter Island' that explores themes of crime and human nature.
Sid and Nancy,1970,Adventure Fantasy Action,adventure legacy destiny redemption,Actor_275_A Actor_275_B Actor_275_C,Director_275,A compelling story titled 'Sid and Nancy' that explores themes of adventure and human nature.
Singin' in the Rain,1971,Sci-Fi Thriller Action,sci-fi legacy destiny redemption,Actor_276_A Actor_276_B Actor_276_C,Director_276,A compelling story titled 'Singin' in the Rain' that explores themes of sci-fi and human nature.
Skyfall,1972,Drama Mystery Thriller,drama legacy destiny redemption,Actor_277_A Actor_277_B Actor_277_C,Director_277,A compelling story titled 'Skyfall' that explores themes of drama and human nature.
Snatch,1973,Action Crime Drama,action legacy destiny redemption,Actor_278_A Actor_278_B Actor_278_C,Director_278,A compelling story titled 'Snatch' that explores themes of action and human nature.
Snowpiercer,1974,Comedy Drama Romance,comedy legacy destiny redemption,Actor_279_A Actor_279_B Actor_279_C,Director_279,A compelling story titled 'Snowpiercer' that explores themes of comedy and human nature.
Soul,1975,Crime Mystery Thriller,crime legacy destiny redemption,Actor_280_A Actor_280_B Actor_280_C,Director_280,A compelling story titled 'Soul' that explores themes of crime and human nature.
Sound of Metal,1976,Adventure Fantasy Action,adventure legacy destiny redemption,Actor_281_A Actor_281_B Actor_281_C,Director_281,A compelling story titled 'Sound of Metal' that explores themes of adventure and human nature.
Spectre,1977,Sci-Fi Thriller Action,sci-fi legacy destiny redemption,Actor_282_A Actor_282_B Actor_282_C,Director_282,A compelling story titled 'Spectre' that explores themes of sci-fi and human nature.
Spider-Man: Far From Home,1978,Drama Mystery Thriller,drama legacy destiny redemption,Actor_283_A Actor_283_B Actor_283_C,Director_283,A compelling story titled 'Spider-Man: Far From Home' that explores themes of drama and human nature.
Spider-Man: Homecoming,1979,Action Crime Drama,action legacy destiny redemption,Actor_284_A Actor_284_B Actor_284_C,Director_284,A compelling story titled 'Spider-Man: Homecoming' that explores themes of action and human nature.
Spider-Man: Into the Spider-Verse,1980,Comedy Drama Romance,comedy legacy destiny redemption,Actor_285_A Actor_285_B Actor_285_C,Director_285,A compelling story titled 'Spider-Man: Into the Spider-Verse' that explores themes of comedy and human nature.
Spider-Man: No Way Home,1981,Crime Mystery Thriller,crime legacy destiny redemption,Actor_286_A Actor_286_B Actor_286_C,Director_286,A compelling story titled 'Spider-Man: No Way Home' that explores themes of crime and human nature.
Spirited Away,1982,Adventure Fantasy Action,adventure legacy destiny redemption,Actor_287_A Actor_287_B Actor_287_C,Director_287,A compelling story titled 'Spirited Away' that explores themes of adventure and human nature.
Spotlight,1983,Sci-Fi Thriller Action,sci-fi legacy destiny redemption,Actor_288_A Actor_288_B Actor_288_C,Director_288,A compelling story titled 'Spotlight' that explores themes of sci-fi and human nature.
Stagecoach,1984,Drama Mystery Thriller,drama legacy destiny redemption,Actor_289_A Actor_289_B Actor_289_C,Director_289,A compelling story titled 'Stagecoach' that explores themes of drama and human nature.
Stalker,1985,Action Crime Drama,action legacy destiny redemption,Actor_290_A Actor_290_B Actor_290_C,Director_290,A compelling story titled 'Stalker' that explores themes of action and human nature.
Stand by Me,1986,Comedy Drama Romance,comedy legacy destiny redemption,Actor_291_A Actor_291_B Actor_291_C,Director_291,A compelling story titled 'Stand by Me' that explores themes of comedy and human nature.
Star Wars: Episode IV - A New Hope,1987,Crime Mystery Thriller,crime legacy destiny redemption,Actor_292_A Actor_292_B Actor_292_C,Director_292,A compelling story titled 'Star Wars: Episode IV - A New Hope' that explores themes of crime and human nature.
Star Wars: Episode V - The Empire Strikes Back,1988,Adventure Fantasy Action,adventure legacy destiny redemption,Actor_293_A Actor_293_B Actor_293_C,Director_293,A compelling story titled 'Star Wars: Episode V - The Empire Strikes Back' that explores themes of adventure and human nature.
Star Wars: Episode VI - Return of the Jedi,1989,Sci-Fi Thriller Action,sci-fi legacy destiny redemption,Actor_294_A Actor_294_B Actor_294_C,Director_294,A compelling story titled 'Star Wars: Episode VI - Return of the Jedi' that explores themes of sci-fi and human nature.
Star Wars: The Force Awakens,1990,Drama Mystery Thriller,drama legacy destiny redemption,Actor_295_A Actor_295_B Actor_295_C,Director_295,A compelling story titled 'Star Wars: The Force Awakens' that explores themes of drama and human nature.
Straight Outta Compton,1991,Action Crime Drama,action legacy destiny redemption,Actor_296_A Actor_296_B Actor_296_C,Director_296,A compelling story titled 'Straight Outta Compton' that explores themes of action and human nature.
Sunset Blvd.,1992,Comedy Drama Romance,comedy legacy destiny redemption,Actor_297_A Actor_297_B Actor_297_C,Director_297,A compelling story titled 'Sunset Blvd.' that explores themes of comedy and human nature.
Sympathy for Mr. Vengeance,1993,Crime Mystery Thriller,crime legacy destiny redemption,Actor_298_A Actor_298_B Actor_298_C,Director_298,A compelling story titled 'Sympathy for Mr. Vengeance' that explores themes of crime and human nature.
Tangled,1994,Adventure Fantasy Action,adventure legacy destiny redemption,Actor_299_A Actor_299_B Actor_299_C,Director_299,A compelling story titled 'Tangled' that explores themes of adventure and human nature.
Tati,1995,Sci-Fi Thriller Action,sci-fi legacy destiny redemption,Actor_300_A Actor_300_B Actor_300_C,Director_300,A compelling story titled 'Tati' that explores themes of sci-fi and human nature.
Taxi Driver,1996,Drama Mystery Thriller,drama legacy destiny redemption,Actor_301_A Actor_301_B Actor_301_C,Director_301,A compelling story titled 'Taxi Driver' that explores themes of drama and human nature.
Tenet,1997,Action Crime Drama,action legacy destiny redemption,Actor_302_A Actor_302_B Actor_302_C,Director_302,A compelling story titled 'Tenet' that explores themes of action and human nature.
Terminator 2: Judgment Day,1998,Comedy Drama Romance,comedy legacy destiny redemption,Actor_303_A Actor_303_B Actor_303_C,Director_303,A compelling story titled 'Terminator 2: Judgment Day' that explores themes of comedy and human nature.
The 400 Blows,1999,Crime Mystery Thriller,crime legacy destiny redemption,Actor_304_A Actor_304_B Actor_304_C,Director_304,A compelling story titled 'The 400 Blows' that explores themes of crime and human nature.
The African Queen,2000,Adventure Fantasy Action,adventure legacy destiny redemption,Actor_305_A Actor_305_B Actor_305_C,Director_305,A compelling story titled 'The African Queen' that explores themes of adventure and human nature.
The Apartment,2001,Sci-Fi Thriller Action,sci-fi legacy destiny redemption,Actor_306_A Actor_306_B Actor_306_C,Director_306,A compelling story titled 'The Apartment' that explores themes of sci-fi and human nature.
The Avengers,2002,Drama Mystery Thriller,drama legacy destiny redemption,Actor_307_A Actor_307_B Actor_307_C,Director_307,A compelling story titled 'The Avengers' that explores themes of drama and human nature.
The Aviator,2003,Action Crime Drama,action legacy destiny redemption,Actor_308_A Actor_308_B Actor_308_C,Director_308,A compelling story titled 'The Aviator' that explores themes of action and human nature.
The Banshees of Inisherin,2004,Comedy Drama Romance,comedy legacy destiny redemption,Actor_309_A Actor_309_B Actor_309_C,Director_309,A compelling story titled 'The Banshees of Inisherin' that explores themes of comedy and human nature.
The Batman,2005,Crime Mystery Thriller,crime legacy destiny redemption,Actor_310_A Actor_310_B Actor_310_C,Director_310,A compelling story titled 'The Batman' that explores themes of crime and human nature.
The Big Lebowski,2006,Adventure Fantasy Action,adventure legacy destiny redemption,Actor_311_A Actor_311_B Actor_311_C,Director_311,A compelling story titled 'The Big Lebowski' that explores themes of adventure and human nature.
The Big Short,2007,Sci-Fi Thriller Action,sci-fi legacy destiny redemption,Actor_312_A Actor_312_B Actor_312_C,Director_312,A compelling story titled 'The Big Short' that explores themes of sci-fi and human nature.
The Big Sleep,2008,Drama Mystery Thriller,drama legacy destiny redemption,Actor_313_A Actor_313_B Actor_313_C,Director_313,A compelling story titled 'The Big Sleep' that explores themes of drama and human nature.
The Boat,2009,Action Crime Drama,action legacy destiny redemption,Actor_314_A Actor_314_B Actor_314_C,Director_314,A compelling story titled 'The Boat' that explores themes of action and human nature.
The Bourne Identity,2010,Comedy Drama Romance,comedy legacy destiny redemption,Actor_315_A Actor_315_B Actor_315_C,Director_315,A compelling story titled 'The Bourne Identity' that explores themes of comedy and human nature.
The Bourne Legacy,2011,Crime Mystery Thriller,crime legacy destiny redemption,Actor_316_A Actor_316_B Actor_316_C,Director_316,A compelling story titled 'The Bourne Legacy' that explores themes of crime and human nature.
The Bourne Supremacy,2012,Adventure Fantasy Action,adventure legacy destiny redemption,Actor_317_A Actor_317_B Actor_317_C,Director_317,A compelling story titled 'The Bourne Supremacy' that explores themes of adventure and human nature.
The Bourne Ultimatum,2013,Sci-Fi Thriller Action,sci-fi legacy destiny redemption,Actor_318_A Actor_318_B Actor_318_C,Director_318,A compelling story titled 'The Bourne Ultimatum' that explores themes of sci-fi and human nature.
The Bridge on the River Kwai,2014,Drama Mystery Thriller,drama legacy destiny redemption,Actor_319_A Actor_319_B Actor_319_C,Director_319,A compelling story titled 'The Bridge on the River Kwai' that explores themes of drama and human nature.
The Circus,2015,Action Crime Drama,action legacy destiny redemption,Actor_320_A Actor_320_B Actor_320_C,Director_320,A compelling story titled 'The Circus' that explores themes of action and human nature.
The Dark Knight,2016,Comedy Drama Romance,comedy legacy destiny redemption,Actor_321_A Actor_321_B Actor_321_C,Director_321,A compelling story titled 'The Dark Knight' that explores themes of comedy and human nature.
The Dark Knight Rises,2017,Crime Mystery Thriller,crime legacy destiny redemption,Actor_322_A Actor_322_B Actor_322_C,Director_322,A compelling story titled 'The Dark Knight Rises' that explores themes of crime and human nature.
The Deer Hunter,2018,Adventure Fantasy Action,adventure legacy destiny redemption,Actor_323_A Actor_323_B Actor_323_C,Director_323,A compelling story titled 'The Deer Hunter' that explores themes of adventure and human nature.
The Departed,2019,Sci-Fi Thriller Action,sci-fi legacy destiny redemption,Actor_324_A Actor_324_B Actor_324_C,Director_324,A compelling story titled 'The Departed' that explores themes of sci-fi and human nature.
The Elephant Man,2020,Drama Mystery Thriller,drama legacy destiny redemption,Actor_325_A Actor_325_B Actor_325_C,Director_325,A compelling story titled 'The Elephant Man' that explores themes of drama and human nature.
The Fabelmans,2021,Action Crime Drama,action legacy destiny redemption,Actor_326_A Actor_326_B Actor_326_C,Director_326,A compelling story titled 'The Fabelmans' that explores themes of action and human nature.
The Fate of the Furious,2022,Comedy Drama Romance,comedy legacy destiny redemption,Actor_327_A Actor_327_B Actor_327_C,Director_327,A compelling story titled 'The Fate of the Furious' that explores themes of comedy and human nature.
The Father,2023,Crime Mystery Thriller,crime legacy destiny redemption,Actor_328_A Actor_328_B Actor_328_C,Director_328,A compelling story titled 'The Father' that explores themes of crime and human nature.
The French Dispatch,2024,Adventure Fantasy Action,adventure legacy destiny redemption,Actor_329_A Actor_329_B Actor_329_C,Director_329,A compelling story titled 'The French Dispatch' that explores themes of adventure and human nature.
The General,1970,Sci-Fi Thriller Action,sci-fi legacy destiny redemption,Actor_330_A Actor_330_B Actor_330_C,Director_330,A compelling story titled 'The General' that explores themes of sci-fi and human nature.
The Girl with the Dragon Tattoo,1971,Drama Mystery Thriller,drama legacy destiny redemption,Actor_331_A Actor_331_B Actor_331_C,Director_331,A compelling story titled 'The Girl with the Dragon Tattoo' that explores themes of drama and human nature.
The Godfather,1972,Action Crime Drama,action legacy destiny redemption,Actor_332_A Actor_332_B Actor_332_C,Director_332,A compelling story titled 'The Godfather' that explores themes of action and human nature.
The Godfather Part II,1973,Comedy Drama Romance,comedy legacy destiny redemption,Actor_333_A Actor_333_B Actor_333_C,Director_333,A compelling story titled 'The Godfather Part II' that explores themes of comedy and human nature.
The Godfather Part III,1974,Crime Mystery Thriller,crime legacy destiny redemption,Actor_334_A Actor_334_B Actor_334_C,Director_334,A compelling story titled 'The Godfather Part III' that explores themes of crime and human nature.
The Gold Rush,1975,Adventure Fantasy Action,adventure legacy destiny redemption,Actor_335_A Actor_335_B Actor_335_C,Director_335,A compelling story titled 'The Gold Rush' that explores themes of adventure and human nature.
"The Good, the Bad and the Ugly",1976,Sci-Fi Thriller Action,sci-fi legacy destiny redemption,Actor_336_A Actor_336_B Actor_336_C,Director_336,"A compelling story titled 'The Good, the Bad and the Ugly' that explores themes of sci-fi and human nature."
The Graduate,1977,Drama Mystery Thriller,drama legacy destiny redemption,Actor_337_A Actor_337_B Actor_337_C,Director_337,A compelling story titled 'The Graduate' that explores themes of drama and human nature.
The Grand Budapest Hotel,1978,Action Crime Drama,action legacy destiny redemption,Actor_338_A Actor_338_B Actor_338_C,Director_338,A compelling story titled 'The Grand Budapest Hotel' that explores themes of action and human nature.
The Grandmaster,1979,Comedy Drama Romance,comedy legacy destiny redemption,Actor_339_A Actor_339_B Actor_339_C,Director_339,A compelling story titled 'The Grandmaster' that explores themes of comedy and human nature.
The Grapes of Wrath,1980,Crime Mystery Thriller,crime legacy destiny redemption,Actor_340_A Actor_340_B Actor_340_C,Director_340,A compelling story titled 'The Grapes of Wrath' that explores themes of crime and human nature.
The Great Dictator,1981,Adventure Fantasy Action,adventure legacy destiny redemption,Actor_341_A Actor_341_B Actor_341_C,Director_341,A compelling story titled 'The Great Dictator' that explores themes of adventure and human nature.
The Great Escape,1982,Sci-Fi Thriller Action,sci-fi legacy destiny redemption,Actor_342_A Actor_342_B Actor_342_C,Director_342,A compelling story titled 'The Great Escape' that explores themes of sci-fi and human nature.
The Green Mile,1983,Drama Mystery Thriller,drama legacy destiny redemption,Actor_343_A Actor_343_B Actor_343_C,Director_343,A compelling story titled 'The Green Mile' that explores themes of drama and human nature.
The Handmaiden,1984,Action Crime Drama,action legacy destiny redemption,Actor_344_A Actor_344_B Actor_344_C,Director_344,A compelling story titled 'The Handmaiden' that explores themes of action and human nature.
The Hateful Eight,1985,Comedy Drama Romance,comedy legacy destiny redemption,Actor_345_A Actor_345_B Actor_345_C,Director_345,A compelling story titled 'The Hateful Eight' that explores themes of comedy and human nature.
The Hobbit: An Unexpected Journey,1986,Crime Mystery Thriller,crime legacy destiny redemption,Actor_346_A Actor_346_B Actor_346_C,Director_346,A compelling story titled 'The Hobbit: An Unexpected Journey' that explores themes of crime and human nature.
The Hobbit: The Battle of the Five Armies,1987,Adventure Fantasy Action,adventure legacy destiny redemption,Actor_347_A Actor_347_B Actor_347_C,Director_347,A compelling story titled 'The Hobbit: The Battle of the Five Armies' that explores themes of adventure and human nature.
The Hobbit: The Desolation of Smaug,1988,Sci-Fi Thriller Action,sci-fi legacy destiny redemption,Actor_348_A Actor_348_B Actor_348_C,Director_348,A compelling story titled 'The Hobbit: The Desolation of Smaug' that explores themes of sci-fi and human nature.
The Host,1989,Drama Mystery Thriller,drama legacy destiny redemption,Actor_349_A Actor_349_B Actor_349_C,Director_349,A compelling story titled 'The Host' that explores themes of drama and human nature.
The Hunger Games,1990,Action Crime Drama,action legacy destiny redemption,Actor_350_A Actor_350_B Actor_350_C,Director_350,A compelling story titled 'The Hunger Games' that explores themes of action and human nature.
The Hunger Games: Catching Fire,1991,Comedy Drama Romance,comedy legacy destiny redemption,Actor_351_A Actor_351_B Actor_351_C,Director_351,A compelling story titled 'The Hunger Games: Catching Fire' that explores themes of comedy and human nature.
The Hunger Games: Mockingjay - Part 1,1992,Crime Mystery Thriller,crime legacy destiny redemption,Actor_352_A Actor_352_B Actor_352_C,Director_352,A compelling story titled 'The Hunger Games: Mockingjay - Part 1' that explores themes of crime and human nature.
The Hunger Games: Mockingjay - Part 2,1993,Adventure Fantasy Action,adventure legacy destiny redemption,Actor_353_A Actor_353_B Actor_353_C,Director_353,A compelling story titled 'The Hunger Games: Mockingjay - Part 2' that explores themes of adventure and human nature.
The Hunt,1994,Sci-Fi Thriller Action,sci-fi legacy destiny redemption,Actor_354_A Actor_354_B Actor_354_C,Director_354,A compelling story titled 'The Hunt' that explores themes of sci-fi and human nature.
The Hustler,1995,Drama Mystery Thriller,drama legacy destiny redemption,Actor_355_A Actor_355_B Actor_355_C,Director_355,A compelling story titled 'The Hustler' that explores themes of drama and human nature.
The Idle Class,1996,Action Crime Drama,action legacy destiny redemption,Actor_356_A Actor_356_B Actor_356_C,Director_356,A compelling story titled 'The Idle Class' that explores themes of action and human nature.
The Imitation Game,1997,Comedy Drama Romance,comedy legacy destiny redemption,Actor_357_A Actor_357_B Actor_357_C,Director_357,A compelling story titled 'The Imitation Game' that explores themes of comedy and human nature.
The Incredibles,1998,Crime Mystery Thriller,crime legacy destiny redemption,Actor_358_A Actor_358_B Actor_358_C,Director_358,A compelling story titled 'The Incredibles' that explores themes of crime and human nature.
The Intouchables,1999,Adventure Fantasy Action,adventure legacy destiny redemption,Actor_359_A Actor_359_B Actor_359_C,Director_359,A compelling story titled 'The Intouchables' that explores themes of adventure and human nature.
The Irishman,2000,Sci-Fi Thriller Action,sci-fi legacy destiny redemption,Actor_360_A Actor_360_B Actor_360_C,Director_360,A compelling story titled 'The Irishman' that explores themes of sci-fi and human nature.
The Iron Giant,2001,Drama Mystery Thriller,drama legacy destiny redemption,Actor_361_A Actor_361_B Actor_361_C,Director_361,A compelling story titled 'The Iron Giant' that explores themes of drama and human nature.
The Kid,2002,Action Crime Drama,action legacy destiny redemption,Actor_362_A Actor_362_B Actor_362_C,Director_362,A compelling story titled 'The Kid' that explores themes of action and human nature.
The Killer,2003,Comedy Drama Romance,comedy legacy destiny redemption,Actor_363_A Actor_363_B Actor_363_C,Director_363,A compelling story titled 'The Killer' that explores themes of comedy and human nature.
The King's Speech,2004,Crime Mystery Thriller,crime legacy destiny redemption,Actor_364_A Actor_364_B Actor_364_C,Director_364,A compelling story titled 'The King's Speech' that explores themes of crime and human nature.
The LEGO Movie,2005,Adventure Fantasy Action,adventure legacy destiny redemption,Actor_365_A Actor_365_B Actor_365_C,Director_365,A compelling story titled 'The LEGO Movie' that explores themes of adventure and human nature.
The Last Samurai,2006,Sci-Fi Thriller Action,sci-fi legacy destiny redemption,Actor_366_A Actor_366_B Actor_366_C,Director_366,A compelling story titled 'The Last Samurai' that explores themes of sci-fi and human nature.
The Lion King,2007,Drama Mystery Thriller,drama legacy destiny redemption,Actor_367_A Actor_367_B Actor_367_C,Director_367,A compelling story titled 'The Lion King' that explores themes of drama and human nature.
The Lion King (2019),2008,Action Crime Drama,action legacy destiny redemption,Actor_368_A Actor_368_B Actor_368_C,Director_368,A compelling story titled 'The Lion King (2019)' that explores themes of action and human nature.
The Lives of Others,2009,Comedy Drama Romance,comedy legacy destiny redemption,Actor_369_A Actor_369_B Actor_369_C,Director_369,A compelling story titled 'The Lives of Others' that explores themes of comedy and human nature.
The Lord of the Rings: The Fellowship of the Ring,2010,Crime Mystery Thriller,crime legacy destiny redemption,Actor_370_A Actor_370_B Actor_370_C,Director_370,A compelling story titled 'The Lord of the Rings: The Fellowship of the Ring' that explores themes of crime and human nature.
The Lord of the Rings: The Return of the King,2011,Adventure Fantasy Action,adventure legacy destiny redemption,Actor_371_A Actor_371_B Actor_371_C,Director_371,A compelling story titled 'The Lord of the Rings: The Return of the King' that explores themes of adventure and human nature.
The Lord of the Rings: The Two Towers,2012,Sci-Fi Thriller Action,sci-fi legacy destiny redemption,Actor_372_A Actor_372_B Actor_372_C,Director_372,A compelling story titled 'The Lord of the Rings: The Two Towers' that explores themes of sci-fi and human nature.
The Maltese Falcon,2013,Drama Mystery Thriller,drama legacy destiny redemption,Actor_373_A Actor_373_B Actor_373_C,Director_373,A compelling story titled 'The Maltese Falcon' that explores themes of drama and human nature.
The Man Who Shot Liberty Valance,2014,Action Crime Drama,action legacy destiny redemption,Actor_374_A Actor_374_B Actor_374_C,Director_374,A compelling story titled 'The Man Who Shot Liberty Valance' that explores themes of action and human nature.
The Manchurian Candidate,2015,Comedy Drama Romance,comedy legacy destiny redemption,Actor_375_A Actor_375_B Actor_375_C,Director_375,A compelling story titled 'The Manchurian Candidate' that explores themes of comedy and human nature.
The Martian,2016,Crime Mystery Thriller,crime legacy destiny redemption,Actor_376_A Actor_376_B Actor_376_C,Director_376,A compelling story titled 'The Martian' that explores themes of crime and human nature.
The Matrix,2017,Adventure Fantasy Action,adventure legacy destiny redemption,Actor_377_A Actor_377_B Actor_377_C,Director_377,A compelling story titled 'The Matrix' that explores themes of adventure and human nature.
The Matrix Reloaded,2018,Sci-Fi Thriller Action,sci-fi legacy destiny redemption,Actor_378_A Actor_378_B Actor_378_C,Director_378,A compelling story titled 'The Matrix Reloaded' that explores themes of sci-fi and human nature.
The Matrix Revolutions,2019,Drama Mystery Thriller,drama legacy destiny redemption,Actor_379_A Actor_379_B Actor_379_C,Director_379,A compelling story titled 'The Matrix Revolutions' that explores themes of drama and human nature.
The Menu,2020,Action Crime Drama,action legacy destiny redemption,Actor_380_A Actor_380_B Actor_380_C,Director_380,A compelling story titled 'The Menu' that explores themes of action and human nature.
The Night of the Hunter,2021,Comedy Drama Romance,comedy legacy destiny redemption,Actor_381_A Actor_381_B Actor_381_C,Director_381,A compelling story titled 'The Night of the Hunter' that explores themes of comedy and human nature.
The Past,2022,Crime Mystery Thriller,crime legacy destiny redemption,Actor_382_A Actor_382_B Actor_382_C,Director_382,A compelling story titled 'The Past' that explores themes of crime and human nature.
The Pianist,2023,Adventure Fantasy Action,adventure legacy destiny redemption,Actor_383_A Actor_383_B Actor_383_C,Director_383,A compelling story titled 'The Pianist' that explores themes of adventure and human nature.
The Post,2024,Sci-Fi Thriller Action,sci-fi legacy destiny redemption,Actor_384_A Actor_384_B Actor_384_C,Director_384,A compelling story titled 'The Post' that explores themes of sci-fi and human nature.
The Power of the Dog,1970,Drama Mystery Thriller,drama legacy destiny redemption,Actor_385_A Actor_385_B Actor_385_C,Director_385,A compelling story titled 'The Power of the Dog' that explores themes of drama and human nature.
The Prestige,1971,Action Crime Drama,action legacy destiny redemption,Actor_386_A Actor_386_B Actor_386_C,Director_386,A compelling story titled 'The Prestige' that explores themes of action and human nature.
The Princess Bride,1972,Comedy Drama Romance,comedy legacy destiny redemption,Actor_387_A Actor_387_B Actor_387_C,Director_387,A compelling story titled 'The Princess Bride' that explores themes of comedy and human nature.
The Salesman,1973,Crime Mystery Thriller,crime legacy destiny redemption,Actor_388_A Actor_388_B Actor_388_C,Director_388,A compelling story titled 'The Salesman' that explores themes of crime and human nature.
The Searchers,1974,Adventure Fantasy Action,adventure legacy destiny redemption,Actor_389_A Actor_389_B Actor_389_C,Director_389,A compelling story titled 'The Searchers' that explores themes of adventure and human nature.
The Secret in Their Eyes,1975,Sci-Fi Thriller Action,sci-fi legacy destiny redemption,Actor_390_A Actor_390_B Actor_390_C,Director_390,A compelling story titled 'The Secret in Their Eyes' that explores themes of sci-fi and human nature.
The Seventh Seal,1976,Drama Mystery Thriller,drama legacy destiny redemption,Actor_391_A Actor_391_B Actor_391_C,Director_391,A compelling story titled 'The Seventh Seal' that explores themes of drama and human nature.
The Shawshank Redemption,1977,Action Crime Drama,action legacy destiny redemption,Actor_392_A Actor_392_B Actor_392_C,Director_392,A compelling story titled 'The Shawshank Redemption' that explores themes of action and human nature.
The Shining,1978,Comedy Drama Romance,comedy legacy destiny redemption,Actor_393_A Actor_393_B Actor_393_C,Director_393,A compelling story titled 'The Shining' that explores themes of comedy and human nature.
The Shop Around the Corner,1979,Crime Mystery Thriller,crime legacy destiny redemption,Actor_394_A Actor_394_B Actor_394_C,Director_394,A compelling story titled 'The Shop Around the Corner' that explores themes of crime and human nature.
The Silence of the Lambs,1980,Adventure Fantasy Action,adventure legacy destiny redemption,Actor_395_A Actor_395_B Actor_395_C,Director_395,A compelling story titled 'The Silence of the Lambs' that explores themes of adventure and human nature.
The Sixth Sense,1981,Sci-Fi Thriller Action,sci-fi legacy destiny redemption,Actor_396_A Actor_396_B Actor_396_C,Director_396,A compelling story titled 'The Sixth Sense' that explores themes of sci-fi and human nature.
The Social Network,1982,Drama Mystery Thriller,drama legacy destiny redemption,Actor_397_A Actor_397_B Actor_397_C,Director_397,A compelling story titled 'The Social Network' that explores themes of drama and human nature.
The Sting,1983,Action Crime Drama,action legacy destiny redemption,Actor_398_A Actor_398_B Actor_398_C,Director_398,A compelling story titled 'The Sting' that explores themes of action and human nature.
The Suicide Squad,1984,Comedy Drama Romance,comedy legacy destiny redemption,Actor_399_A Actor_399_B Actor_399_C,Director_399,A compelling story titled 'The Suicide Squad' that explores themes of comedy and human nature.
The Terminator,1985,Crime Mystery Thriller,crime legacy destiny redemption,Actor_400_A Actor_400_B Actor_400_C,Director_400,A compelling story titled 'The Terminator' that explores themes of crime and human nature.
The Theory of Everything,1986,Adventure Fantasy Action,adventure legacy destiny redemption,Actor_401_A Actor_401_B Actor_401_C,Director_401,A compelling story titled 'The Theory of Everything' that explores themes of adventure and human nature.
The Thin Red Line,1987,Sci-Fi Thriller Action,sci-fi legacy destiny redemption,Actor_402_A Actor_402_B Actor_402_C,Director_402,A compelling story titled 'The Thin Red Line' that explores themes of sci-fi and human nature.
The Thing,1988,Drama Mystery Thriller,drama legacy destiny redemption,Actor_403_A Actor_403_B Actor_403_C,Director_403,A compelling story titled 'The Thing' that explores themes of drama and human nature.
The Third Man,1989,Action Crime Drama,action legacy destiny redemption,Actor_404_A Actor_404_B Actor_404_C,Director_404,A compelling story titled 'The Third Man' that explores themes of action and human nature.
The Truman Show,1990,Comedy Drama Romance,comedy legacy destiny redemption,Actor_405_A Actor_405_B Actor_405_C,Director_405,A compelling story titled 'The Truman Show' that explores themes of comedy and human nature.
The Twilight Saga: Breaking Dawn - Part 1,1991,Crime Mystery Thriller,crime legacy destiny redemption,Actor_406_A Actor_406_B Actor_406_C,Director_406,A compelling story titled 'The Twilight Saga: Breaking Dawn - Part 1' that explores themes of crime and human nature.
The Twilight Saga: Breaking Dawn - Part 2,1992,Adventure Fantasy Action,adventure legacy destiny redemption,Actor_407_A Actor_407_B Actor_407_C,Director_407,A compelling story titled 'The Twilight Saga: Breaking Dawn - Part 2' that explores themes of adventure and human nature.
The Twilight Saga: Eclipse,1993,Sci-Fi Thriller Action,sci-fi legacy destiny redemption,Actor_408_A Actor_408_B Actor_408_C,Director_408,A compelling story titled 'The Twilight Saga: Eclipse' that explores themes of sci-fi and human nature.
The Twilight Saga: New Moon,1994,Drama Mystery Thriller,drama legacy destiny redemption,Actor_409_A Actor_409_B Actor_409_C,Director_409,A compelling story titled 'The Twilight Saga: New Moon' that explores themes of drama and human nature.
The Twilight Saga: Twilight,1995,Action Crime Drama,action legacy destiny redemption,Actor_410_A Actor_410_B Actor_410_C,Director_410,A compelling story titled 'The Twilight Saga: Twilight' that explores themes of action and human nature.
The Untouchables,1996,Comedy Drama Romance,comedy legacy destiny redemption,Actor_411_A Actor_411_B Actor_411_C,Director_411,A compelling story titled 'The Untouchables' that explores themes of comedy and human nature.
The Usual Suspects,1997,Crime Mystery Thriller,crime legacy destiny redemption,Actor_412_A Actor_412_B Actor_412_C,Director_412,A compelling story titled 'The Usual Suspects' that explores themes of crime and human nature.
The Wages of Fear,1998,Adventure Fantasy Action,adventure legacy destiny redemption,Actor_413_A Actor_413_B Actor_413_C,Director_413,A compelling story titled 'The Wages of Fear' that explores themes of adventure and human nature.
The Whale,1999,Sci-Fi Thriller Action,sci-fi legacy destiny redemption,Actor_414_A Actor_414_B Actor_414_C,Director_414,A compelling story titled 'The Whale' that explores themes of sci-fi and human nature.
The Wild Bunch,2000,Drama Mystery Thriller,drama legacy destiny redemption,Actor_415_A Actor_415_B Actor_415_C,Director_415,A compelling story titled 'The Wild Bunch' that explores themes of drama and human nature.
The Wolf of Wall Street,2001,Action Crime Drama,action legacy destiny redemption,Actor_416_A Actor_416_B Actor_416_C,Director_416,A compelling story titled 'The Wolf of Wall Street' that explores themes of action and human nature.
There Will Be Blood,2002,Comedy Drama Romance,comedy legacy destiny redemption,Actor_417_A Actor_417_B Actor_417_C,Director_417,A compelling story titled 'There Will Be Blood' that explores themes of comedy and human nature.
Thirst,2003,Crime Mystery Thriller,crime legacy destiny redemption,Actor_418_A Actor_418_B Actor_418_C,Director_418,A compelling story titled 'Thirst' that explores themes of crime and human nature.
Thor: Ragnarok,2004,Adventure Fantasy Action,adventure legacy destiny redemption,Actor_419_A Actor_419_B Actor_419_C,Director_419,A compelling story titled 'Thor: Ragnarok' that explores themes of adventure and human nature.
Throne of Blood,2005,Sci-Fi Thriller Action,sci-fi legacy destiny redemption,Actor_420_A Actor_420_B Actor_420_C,Director_420,A compelling story titled 'Throne of Blood' that explores themes of sci-fi and human nature.
Titanic,2006,Drama Mystery Thriller,drama legacy destiny redemption,Actor_421_A Actor_421_B Actor_421_C,Director_421,A compelling story titled 'Titanic' that explores themes of drama and human nature.
To Kill a Mockingbird,2007,Action Crime Drama,action legacy destiny redemption,Actor_422_A Actor_422_B Actor_422_C,Director_422,A compelling story titled 'To Kill a Mockingbird' that explores themes of action and human nature.
Tokyo Story,2008,Comedy Drama Romance,comedy legacy destiny redemption,Actor_423_A Actor_423_B Actor_423_C,Director_423,A compelling story titled 'Tokyo Story' that explores themes of comedy and human nature.
Top Gun,2009,Crime Mystery Thriller,crime legacy destiny redemption,Actor_424_A Actor_424_B Actor_424_C,Director_424,A compelling story titled 'Top Gun' that explores themes of crime and human nature.
Top Gun: Maverick,2010,Adventure Fantasy Action,adventure legacy destiny redemption,Actor_425_A Actor_425_B Actor_425_C,Director_425,A compelling story titled 'Top Gun: Maverick' that explores themes of adventure and human nature.
Touch of Evil,2011,Sci-Fi Thriller Action,sci-fi legacy destiny redemption,Actor_426_A Actor_426_B Actor_426_C,Director_426,A compelling story titled 'Touch of Evil' that explores themes of sci-fi and human nature.
Toy Story,2012,Drama Mystery Thriller,drama legacy destiny redemption,Actor_427_A Actor_427_B Actor_427_C,Director_427,A compelling story titled 'Toy Story' that explores themes of drama and human nature.
Toy Story 2,2013,Action Crime Drama,action legacy destiny redemption,Actor_428_A Actor_428_B Actor_428_C,Director_428,A compelling story titled 'Toy Story 2' that explores themes of action and human nature.
Toy Story 3,2014,Comedy Drama Romance,comedy legacy destiny redemption,Actor_429_A Actor_429_B Actor_429_C,Director_429,A compelling story titled 'Toy Story 3' that explores themes of comedy and human nature.
Toy Story 4,2015,Crime Mystery Thriller,crime legacy destiny redemption,Actor_430_A Actor_430_B Actor_430_C,Director_430,A compelling story titled 'Toy Story 4' that explores themes of crime and human nature.
Trainspotting,2016,Adventure Fantasy Action,adventure legacy destiny redemption,Actor_431_A Actor_431_B Actor_431_C,Director_431,A compelling story titled 'Trainspotting' that explores themes of adventure and human nature.
Triangle of Sadness,2017,Sci-Fi Thriller Action,sci-fi legacy destiny redemption,Actor_432_A Actor_432_B Actor_432_C,Director_432,A compelling story titled 'Triangle of Sadness' that explores themes of sci-fi and human nature.
Troy,2018,Drama Mystery Thriller,drama legacy destiny redemption,Actor_433_A Actor_433_B Actor_433_C,Director_433,A compelling story titled 'Troy' that explores themes of drama and human nature.
Twelve Monkeys,2019,Action Crime Drama,action legacy destiny redemption,Actor_434_A Actor_434_B Actor_434_C,Director_434,A compelling story titled 'Twelve Monkeys' that explores themes of action and human nature.
Tár,2020,Comedy Drama Romance,comedy legacy destiny redemption,Actor_435_A Actor_435_B Actor_435_C,Director_435,A compelling story titled 'Tár' that explores themes of comedy and human nature.
Unforgiven,2021,Crime Mystery Thriller,crime legacy destiny redemption,Actor_436_A Actor_436_B Actor_436_C,Director_436,A compelling story titled 'Unforgiven' that explores themes of crime and human nature.
Up,2022,Adventure Fantasy Action,adventure legacy destiny redemption,Actor_437_A Actor_437_B Actor_437_C,Director_437,A compelling story titled 'Up' that explores themes of adventure and human nature.
V for Vendetta,2023,Sci-Fi Thriller Action,sci-fi legacy destiny redemption,Actor_438_A Actor_438_B Actor_438_C,Director_438,A compelling story titled 'V for Vendetta' that explores themes of sci-fi and human nature.
Vertigo,2024,Drama Mystery Thriller,drama legacy destiny redemption,Actor_439_A Actor_439_B Actor_439_C,Director_439,A compelling story titled 'Vertigo' that explores themes of drama and human nature.
WALL-E,1970,Action Crime Drama,action legacy destiny redemption,Actor_440_A Actor_440_B Actor_440_C,Director_440,A compelling story titled 'WALL-E' that explores themes of action and human nature.
Walk the Line,1971,Comedy Drama Romance,comedy legacy destiny redemption,Actor_441_A Actor_441_B Actor_441_C,Director_441,A compelling story titled 'Walk the Line' that explores themes of comedy and human nature.
Warrior,1972,Crime Mystery Thriller,crime legacy destiny redemption,Actor_442_A Actor_442_B Actor_442_C,Director_442,A compelling story titled 'Warrior' that explores themes of crime and human nature.
Watchmen,1973,Adventure Fantasy Action,adventure legacy destiny redemption,Actor_443_A Actor_443_B Actor_443_C,Director_443,A compelling story titled 'Watchmen' that explores themes of adventure and human nature.
Whiplash,1974,Sci-Fi Thriller Action,sci-fi legacy destiny redemption,Actor_444_A Actor_444_B Actor_444_C,Director_444,A compelling story titled 'Whiplash' that explores themes of sci-fi and human nature.
Who's Afraid of Virginia Woolf?,1975,Drama Mystery Thriller,drama legacy destiny redemption,Actor_445_A Actor_445_B Actor_445_C,Director_445,A compelling story titled 'Who's Afraid of Virginia Woolf?' that explores themes of drama and human nature.
Wild Strawberries,1976,Action Crime Drama,action legacy destiny redemption,Actor_446_A Actor_446_B Actor_446_C,Director_446,A compelling story titled 'Wild Strawberries' that explores themes of action and human nature.
Wild Tales,1977,Comedy Drama Romance,comedy legacy destiny redemption,Actor_447_A Actor_447_B Actor_447_C,Director_447,A compelling story titled 'Wild Tales' that explores themes of comedy and human nature.
Witness for the Prosecution,1978,Crime Mystery Thriller,crime legacy destiny redemption,Actor_448_A Actor_448_B Actor_448_C,Director_448,A compelling story titled 'Witness for the Prosecution' that explores themes of crime and human nature.
Women Talking,1979,Adventure Fantasy Action,adventure legacy destiny redemption,Actor_449_A Actor_449_B Actor_449_C,Director_449,A compelling story titled 'Women Talking' that explores themes of adventure and human nature.
Wonder Woman,1980,Sci-Fi Thriller Action,sci-fi legacy destiny redemption,Actor_450_A Actor_450_B Actor_450_C,Director_450,A compelling story titled 'Wonder Woman' that explores themes of sci-fi and human nature.
X-Men: Days of Future Past,1981,Drama Mystery Thriller,drama legacy destiny redemption,Actor_451_A Actor_451_B Actor_451_C,Director_451,A compelling story titled 'X-Men: Days of Future Past' that explores themes of drama and human nature.
X-Men: First Class,1982,Action Crime Drama,action legacy destiny redemption,Actor_452_A Actor_452_B Actor_452_C,Director_452,A compelling story titled 'X-Men: First Class' that explores themes of action and human nature.
Your Name,1983,Comedy Drama Romance,comedy legacy destiny redemption,Actor_453_A Actor_453_B Actor_453_C,Director_453,A compelling story titled 'Your Name' that explores themes of comedy and human nature.
Zodiac,1984,Crime Mystery Thriller,crime legacy destiny redemption,Actor_454_A Actor_454_B Actor_454_C,Director_454,A compelling story titled 'Zodiac' that explores themes of crime and human nature.
Zootopia,1985,Adventure Fantasy Action,adventure legacy destiny redemption,Actor_455_A Actor_455_B Actor_455_C,Director_455,A compelling story titled 'Zootopia' that explores themes of adventure and human nature.
